# Generated by tools/make_example_hull.py
mtllib simple_hull.mtl
o SimpleHull
v -0.61500 0.35000 2.20000
v -0.60994 0.13225 2.20000
v -0.59477 0.00719 2.20000
v -0.56946 -0.09302 2.20000
v -0.53397 -0.17627 2.20000
v -0.48813 -0.24528 2.20000
v -0.43154 -0.30118 2.20000
v -0.36328 -0.34446 2.20000
v -0.28110 -0.37532 2.20000
v -0.17855 -0.39383 2.20000
v 0.00000 -0.40000 2.20000
v 0.17855 -0.39383 2.20000
v 0.28110 -0.37532 2.20000
v 0.36328 -0.34446 2.20000
v 0.43154 -0.30118 2.20000
v 0.48813 -0.24528 2.20000
v 0.53397 -0.17627 2.20000
v 0.56946 -0.09302 2.20000
v 0.59477 0.00719 2.20000
v 0.60994 0.13225 2.20000
v 0.61500 0.35000 2.20000
v -0.63750 0.35000 2.01667
v -0.63226 0.13225 2.01667
v -0.61653 0.00719 2.01667
v -0.59029 -0.09302 2.01667
v -0.55350 -0.17627 2.01667
v -0.50598 -0.24528 2.01667
v -0.44733 -0.30118 2.01667
v -0.37657 -0.34446 2.01667
v -0.29139 -0.37532 2.01667
v -0.18508 -0.39383 2.01667
v 0.00000 -0.40000 2.01667
v 0.18508 -0.39383 2.01667
v 0.29139 -0.37532 2.01667
v 0.37657 -0.34446 2.01667
v 0.44733 -0.30118 2.01667
v 0.50598 -0.24528 2.01667
v 0.55350 -0.17627 2.01667
v 0.59029 -0.09302 2.01667
v 0.61653 0.00719 2.01667
v 0.63226 0.13225 2.01667
v 0.63750 0.35000 2.01667
v -0.66000 0.35000 1.83333
v -0.65457 0.13225 1.83333
v -0.63829 0.00719 1.83333
v -0.61113 -0.09302 1.83333
v -0.57304 -0.17627 1.83333
v -0.52384 -0.24528 1.83333
v -0.46312 -0.30118 1.83333
v -0.38986 -0.34446 1.83333
v -0.30167 -0.37532 1.83333
v -0.19162 -0.39383 1.83333
v 0.00000 -0.40000 1.83333
v 0.19162 -0.39383 1.83333
v 0.30167 -0.37532 1.83333
v 0.38986 -0.34446 1.83333
v 0.46312 -0.30118 1.83333
v 0.52384 -0.24528 1.83333
v 0.57304 -0.17627 1.83333
v 0.61113 -0.09302 1.83333
v 0.63829 0.00719 1.83333
v 0.65457 0.13225 1.83333
v 0.66000 0.35000 1.83333
v -0.68250 0.35000 1.65000
v -0.67689 0.13225 1.65000
v -0.66004 0.00719 1.65000
v -0.63196 -0.09302 1.65000
v -0.59257 -0.17627 1.65000
v -0.54170 -0.24528 1.65000
v -0.47890 -0.30118 1.65000
v -0.40315 -0.34446 1.65000
v -0.31195 -0.37532 1.65000
v -0.19815 -0.39383 1.65000
v 0.00000 -0.40000 1.65000
v 0.19815 -0.39383 1.65000
v 0.31195 -0.37532 1.65000
v 0.40315 -0.34446 1.65000
v 0.47890 -0.30118 1.65000
v 0.54170 -0.24528 1.65000
v 0.59257 -0.17627 1.65000
v 0.63196 -0.09302 1.65000
v 0.66004 0.00719 1.65000
v 0.67689 0.13225 1.65000
v 0.68250 0.35000 1.65000
v -0.70500 0.35000 1.46667
v -0.69920 0.13225 1.46667
v -0.68180 0.00719 1.46667
v -0.65279 -0.09302 1.46667
v -0.61211 -0.17627 1.46667
v -0.55956 -0.24528 1.46667
v -0.49469 -0.30118 1.46667
v -0.41644 -0.34446 1.46667
v -0.32224 -0.37532 1.46667
v -0.20468 -0.39383 1.46667
v 0.00000 -0.40000 1.46667
v 0.20468 -0.39383 1.46667
v 0.32224 -0.37532 1.46667
v 0.41644 -0.34446 1.46667
v 0.49469 -0.30118 1.46667
v 0.55956 -0.24528 1.46667
v 0.61211 -0.17627 1.46667
v 0.65279 -0.09302 1.46667
v 0.68180 0.00719 1.46667
v 0.69920 0.13225 1.46667
v 0.70500 0.35000 1.46667
v -0.72750 0.35000 1.28333
v -0.72152 0.13225 1.28333
v -0.70356 0.00719 1.28333
v -0.67363 -0.09302 1.28333
v -0.63164 -0.17627 1.28333
v -0.57742 -0.24528 1.28333
v -0.51048 -0.30118 1.28333
v -0.42973 -0.34446 1.28333
v -0.33252 -0.37532 1.28333
v -0.21121 -0.39383 1.28333
v 0.00000 -0.40000 1.28333
v 0.21121 -0.39383 1.28333
v 0.33252 -0.37532 1.28333
v 0.42973 -0.34446 1.28333
v 0.51048 -0.30118 1.28333
v 0.57742 -0.24528 1.28333
v 0.63164 -0.17627 1.28333
v 0.67363 -0.09302 1.28333
v 0.70356 0.00719 1.28333
v 0.72152 0.13225 1.28333
v 0.72750 0.35000 1.28333
v -0.75000 0.35000 1.10000
v -0.74383 0.13225 1.10000
v -0.72532 0.00719 1.10000
v -0.69446 -0.09302 1.10000
v -0.65118 -0.17627 1.10000
v -0.59528 -0.24528 1.10000
v -0.52627 -0.30118 1.10000
v -0.44302 -0.34446 1.10000
v -0.34281 -0.37532 1.10000
v -0.21775 -0.39383 1.10000
v 0.00000 -0.40000 1.10000
v 0.21775 -0.39383 1.10000
v 0.34281 -0.37532 1.10000
v 0.44302 -0.34446 1.10000
v 0.52627 -0.30118 1.10000
v 0.59528 -0.24528 1.10000
v 0.65118 -0.17627 1.10000
v 0.69446 -0.09302 1.10000
v 0.72532 0.00719 1.10000
v 0.74383 0.13225 1.10000
v 0.75000 0.35000 1.10000
v -0.75000 0.35000 0.91667
v -0.74383 0.13225 0.91667
v -0.72532 0.00719 0.91667
v -0.69446 -0.09302 0.91667
v -0.65118 -0.17627 0.91667
v -0.59528 -0.24528 0.91667
v -0.52627 -0.30118 0.91667
v -0.44302 -0.34446 0.91667
v -0.34281 -0.37532 0.91667
v -0.21775 -0.39383 0.91667
v 0.00000 -0.40000 0.91667
v 0.21775 -0.39383 0.91667
v 0.34281 -0.37532 0.91667
v 0.44302 -0.34446 0.91667
v 0.52627 -0.30118 0.91667
v 0.59528 -0.24528 0.91667
v 0.65118 -0.17627 0.91667
v 0.69446 -0.09302 0.91667
v 0.72532 0.00719 0.91667
v 0.74383 0.13225 0.91667
v 0.75000 0.35000 0.91667
v -0.75000 0.35000 0.73333
v -0.74383 0.13225 0.73333
v -0.72532 0.00719 0.73333
v -0.69446 -0.09302 0.73333
v -0.65118 -0.17627 0.73333
v -0.59528 -0.24528 0.73333
v -0.52627 -0.30118 0.73333
v -0.44302 -0.34446 0.73333
v -0.34281 -0.37532 0.73333
v -0.21775 -0.39383 0.73333
v 0.00000 -0.40000 0.73333
v 0.21775 -0.39383 0.73333
v 0.34281 -0.37532 0.73333
v 0.44302 -0.34446 0.73333
v 0.52627 -0.30118 0.73333
v 0.59528 -0.24528 0.73333
v 0.65118 -0.17627 0.73333
v 0.69446 -0.09302 0.73333
v 0.72532 0.00719 0.73333
v 0.74383 0.13225 0.73333
v 0.75000 0.35000 0.73333
v -0.75000 0.35000 0.55000
v -0.74383 0.13225 0.55000
v -0.72532 0.00719 0.55000
v -0.69446 -0.09302 0.55000
v -0.65118 -0.17627 0.55000
v -0.59528 -0.24528 0.55000
v -0.52627 -0.30118 0.55000
v -0.44302 -0.34446 0.55000
v -0.34281 -0.37532 0.55000
v -0.21775 -0.39383 0.55000
v 0.00000 -0.40000 0.55000
v 0.21775 -0.39383 0.55000
v 0.34281 -0.37532 0.55000
v 0.44302 -0.34446 0.55000
v 0.52627 -0.30118 0.55000
v 0.59528 -0.24528 0.55000
v 0.65118 -0.17627 0.55000
v 0.69446 -0.09302 0.55000
v 0.72532 0.00719 0.55000
v 0.74383 0.13225 0.55000
v 0.75000 0.35000 0.55000
v -0.75000 0.35000 0.36667
v -0.74383 0.13225 0.36667
v -0.72532 0.00719 0.36667
v -0.69446 -0.09302 0.36667
v -0.65118 -0.17627 0.36667
v -0.59528 -0.24528 0.36667
v -0.52627 -0.30118 0.36667
v -0.44302 -0.34446 0.36667
v -0.34281 -0.37532 0.36667
v -0.21775 -0.39383 0.36667
v 0.00000 -0.40000 0.36667
v 0.21775 -0.39383 0.36667
v 0.34281 -0.37532 0.36667
v 0.44302 -0.34446 0.36667
v 0.52627 -0.30118 0.36667
v 0.59528 -0.24528 0.36667
v 0.65118 -0.17627 0.36667
v 0.69446 -0.09302 0.36667
v 0.72532 0.00719 0.36667
v 0.74383 0.13225 0.36667
v 0.75000 0.35000 0.36667
v -0.74960 0.35000 0.18333
v -0.74344 0.13225 0.18333
v -0.72494 0.00719 0.18333
v -0.69409 -0.09302 0.18333
v -0.65083 -0.17627 0.18333
v -0.59496 -0.24528 0.18333
v -0.52599 -0.30118 0.18333
v -0.44279 -0.34446 0.18333
v -0.34262 -0.37532 0.18333
v -0.21763 -0.39383 0.18333
v 0.00000 -0.40000 0.18333
v 0.21763 -0.39383 0.18333
v 0.34262 -0.37532 0.18333
v 0.44279 -0.34446 0.18333
v 0.52599 -0.30118 0.18333
v 0.59496 -0.24528 0.18333
v 0.65083 -0.17627 0.18333
v 0.69409 -0.09302 0.18333
v 0.72494 0.00719 0.18333
v 0.74344 0.13225 0.18333
v 0.74960 0.35000 0.18333
v -0.73999 0.35000 0.00000
v -0.73390 0.13225 0.00000
v -0.71564 0.00719 0.00000
v -0.68519 -0.09302 0.00000
v -0.64248 -0.17627 0.00000
v -0.58733 -0.24528 0.00000
v -0.51924 -0.30118 0.00000
v -0.43711 -0.34446 0.00000
v -0.33823 -0.37532 0.00000
v -0.21484 -0.39383 0.00000
v 0.00000 -0.40000 0.00000
v 0.21484 -0.39383 0.00000
v 0.33823 -0.37532 0.00000
v 0.43711 -0.34446 0.00000
v 0.51924 -0.30118 0.00000
v 0.58733 -0.24528 0.00000
v 0.64248 -0.17627 0.00000
v 0.68519 -0.09302 0.00000
v 0.71564 0.00719 0.00000
v 0.73390 0.13225 0.00000
v 0.73999 0.35000 0.00000
v -0.72019 0.35000 -0.18333
v -0.71426 0.13225 -0.18333
v -0.69649 0.00719 -0.18333
v -0.66686 -0.09302 -0.18333
v -0.62529 -0.17627 -0.18333
v -0.57161 -0.24528 -0.18333
v -0.50535 -0.30118 -0.18333
v -0.42541 -0.34446 -0.18333
v -0.32918 -0.37532 -0.18333
v -0.20909 -0.39383 -0.18333
v 0.00000 -0.40000 -0.18333
v 0.20909 -0.39383 -0.18333
v 0.32918 -0.37532 -0.18333
v 0.42541 -0.34446 -0.18333
v 0.50535 -0.30118 -0.18333
v 0.57161 -0.24528 -0.18333
v 0.62529 -0.17627 -0.18333
v 0.66686 -0.09302 -0.18333
v 0.69649 0.00719 -0.18333
v 0.71426 0.13225 -0.18333
v 0.72019 0.35000 -0.18333
v -0.69148 0.35000 -0.36667
v -0.68579 0.13225 -0.36667
v -0.66873 0.00719 -0.36667
v -0.64028 -0.09302 -0.36667
v -0.60037 -0.17627 -0.36667
v -0.54883 -0.24528 -0.36667
v -0.48521 -0.30118 -0.36667
v -0.40846 -0.34446 -0.36667
v -0.31606 -0.37532 -0.36667
v -0.20076 -0.39383 -0.36667
v 0.00000 -0.40000 -0.36667
v 0.20076 -0.39383 -0.36667
v 0.31606 -0.37532 -0.36667
v 0.40846 -0.34446 -0.36667
v 0.48521 -0.30118 -0.36667
v 0.54883 -0.24528 -0.36667
v 0.60037 -0.17627 -0.36667
v 0.64028 -0.09302 -0.36667
v 0.66873 0.00719 -0.36667
v 0.68579 0.13225 -0.36667
v 0.69148 0.35000 -0.36667
v -0.65453 0.35000 -0.55000
v -0.64914 0.13271 -0.55000
v -0.63299 0.00791 -0.55000
v -0.60606 -0.09209 -0.55000
v -0.56829 -0.17517 -0.55000
v -0.51950 -0.24403 -0.55000
v -0.45928 -0.29981 -0.55000
v -0.38663 -0.34301 -0.55000
v -0.29917 -0.37381 -0.55000
v -0.19003 -0.39227 -0.55000
v 0.00000 -0.39843 -0.55000
v 0.19003 -0.39227 -0.55000
v 0.29917 -0.37381 -0.55000
v 0.38663 -0.34301 -0.55000
v 0.45928 -0.29981 -0.55000
v 0.51950 -0.24403 -0.55000
v 0.56829 -0.17517 -0.55000
v 0.60606 -0.09209 -0.55000
v 0.63299 0.00791 -0.55000
v 0.64914 0.13271 -0.55000
v 0.65453 0.35000 -0.55000
v -0.60977 0.35000 -0.73333
v -0.60476 0.13620 -0.73333
v -0.58971 0.01340 -0.73333
v -0.56462 -0.08500 -0.73333
v -0.52943 -0.16673 -0.73333
v -0.48398 -0.23449 -0.73333
v -0.42787 -0.28938 -0.73333
v -0.36019 -0.33188 -0.73333
v -0.27871 -0.36218 -0.73333
v -0.17703 -0.38035 -0.73333
v 0.00000 -0.38641 -0.73333
v 0.17703 -0.38035 -0.73333
v 0.27871 -0.36218 -0.73333
v 0.36019 -0.33188 -0.73333
v 0.42787 -0.28938 -0.73333
v 0.48398 -0.23449 -0.73333
v 0.52943 -0.16673 -0.73333
v 0.56462 -0.08500 -0.73333
v 0.58971 0.01340 -0.73333
v 0.60476 0.13620 -0.73333
v 0.60977 0.35000 -0.73333
v -0.55754 0.35000 -0.91667
v -0.55296 0.14373 -0.91667
v -0.53920 0.02527 -0.91667
v -0.51626 -0.06967 -0.91667
v -0.48408 -0.14852 -0.91667
v -0.44252 -0.21389 -0.91667
v -0.39122 -0.26685 -0.91667
v -0.32934 -0.30785 -0.91667
v -0.25484 -0.33708 -0.91667
v -0.16187 -0.35462 -0.91667
v 0.00000 -0.36046 -0.91667
v 0.16187 -0.35462 -0.91667
v 0.25484 -0.33708 -0.91667
v 0.32934 -0.30785 -0.91667
v 0.39122 -0.26685 -0.91667
v 0.44252 -0.21389 -0.91667
v 0.48408 -0.14852 -0.91667
v 0.51626 -0.06967 -0.91667
v 0.53920 0.02527 -0.91667
v 0.55296 0.14373 -0.91667
v 0.55754 0.35000 -0.91667
v -0.49810 0.35000 -1.10000
v -0.49400 0.15574 -1.10000
v -0.48171 0.04417 -1.10000
v -0.46122 -0.04523 -1.10000
v -0.43247 -0.11950 -1.10000
v -0.39534 -0.18106 -1.10000
v -0.34951 -0.23093 -1.10000
v -0.29423 -0.26955 -1.10000
v -0.22767 -0.29708 -1.10000
v -0.14461 -0.31359 -1.10000
v 0.00000 -0.31910 -1.10000
v 0.14461 -0.31359 -1.10000
v 0.22767 -0.29708 -1.10000
v 0.29423 -0.26955 -1.10000
v 0.34951 -0.23093 -1.10000
v 0.39534 -0.18106 -1.10000
v 0.43247 -0.11950 -1.10000
v 0.46122 -0.04523 -1.10000
v 0.48171 0.04417 -1.10000
v 0.49400 0.15574 -1.10000
v 0.49810 0.35000 -1.10000
v -0.43166 0.35000 -1.28333
v -0.42811 0.17253 -1.28333
v -0.41746 0.07060 -1.28333
v -0.39969 -0.01108 -1.28333
v -0.37478 -0.07892 -1.28333
v -0.34261 -0.13517 -1.28333
v -0.30289 -0.18073 -1.28333
v -0.25498 -0.21601 -1.28333
v -0.19730 -0.24116 -1.28333
v -0.12532 -0.25624 -1.28333
v 0.00000 -0.26127 -1.28333
v 0.12532 -0.25624 -1.28333
v 0.19730 -0.24116 -1.28333
v 0.25498 -0.21601 -1.28333
v 0.30289 -0.18073 -1.28333
v 0.34261 -0.13517 -1.28333
v 0.37478 -0.07892 -1.28333
v 0.39969 -0.01108 -1.28333
v 0.41746 0.07060 -1.28333
v 0.42811 0.17253 -1.28333
v 0.43166 0.35000 -1.28333
v -0.35840 0.35000 -1.46667
v -0.35545 0.19434 -1.46667
v -0.34661 0.10494 -1.46667
v -0.33186 0.03330 -1.46667
v -0.31117 -0.02621 -1.46667
v -0.28446 -0.07554 -1.46667
v -0.25148 -0.11550 -1.46667
v -0.21170 -0.14645 -1.46667
v -0.16381 -0.16851 -1.46667
v -0.10405 -0.18174 -1.46667
v 0.00000 -0.18615 -1.46667
v 0.10405 -0.18174 -1.46667
v 0.16381 -0.16851 -1.46667
v 0.21170 -0.14645 -1.46667
v 0.25148 -0.11550 -1.46667
v 0.28446 -0.07554 -1.46667
v 0.31117 -0.02621 -1.46667
v 0.33186 0.03330 -1.46667
v 0.34661 0.10494 -1.46667
v 0.35545 0.19434 -1.46667
v 0.35840 0.35000 -1.46667
v -0.27847 0.35000 -1.65000
v -0.27618 0.22138 -1.65000
v -0.26931 0.14750 -1.65000
v -0.25785 0.08830 -1.65000
v -0.24178 0.03913 -1.65000
v -0.22102 -0.00163 -1.65000
v -0.19540 -0.03465 -1.65000
v -0.16449 -0.06022 -1.65000
v -0.12728 -0.07845 -1.65000
v -0.08085 -0.08938 -1.65000
v 0.00000 -0.09303 -1.65000
v 0.08085 -0.08938 -1.65000
v 0.12728 -0.07845 -1.65000
v 0.16449 -0.06022 -1.65000
v 0.19540 -0.03465 -1.65000
v 0.22102 -0.00163 -1.65000
v 0.24178 0.03913 -1.65000
v 0.25785 0.08830 -1.65000
v 0.26931 0.14750 -1.65000
v 0.27618 0.22138 -1.65000
v 0.27847 0.35000 -1.65000
v -0.19202 0.35000 -1.83333
v -0.19044 0.25381 -1.83333
v -0.18570 0.19857 -1.83333
v -0.17780 0.15430 -1.83333
v -0.16672 0.11752 -1.83333
v -0.15240 0.08704 -1.83333
v -0.13474 0.06234 -1.83333
v -0.11342 0.04322 -1.83333
v -0.08777 0.02959 -1.83333
v -0.05575 0.02141 -1.83333
v 0.00000 0.01869 -1.83333
v 0.05575 0.02141 -1.83333
v 0.08777 0.02959 -1.83333
v 0.11342 0.04322 -1.83333
v 0.13474 0.06234 -1.83333
v 0.15240 0.08704 -1.83333
v 0.16672 0.11752 -1.83333
v 0.17780 0.15430 -1.83333
v 0.18570 0.19857 -1.83333
v 0.19044 0.25381 -1.83333
v 0.19202 0.35000 -1.83333
v -0.09916 0.35000 -2.01667
v -0.09834 0.29180 -2.01667
v -0.09590 0.25837 -2.01667
v -0.09181 0.23159 -2.01667
v -0.08609 0.20934 -2.01667
v -0.07870 0.19089 -2.01667
v -0.06958 0.17595 -2.01667
v -0.05857 0.16438 -2.01667
v -0.04532 0.15613 -2.01667
v -0.02879 0.15119 -2.01667
v 0.00000 0.14954 -2.01667
v 0.02879 0.15119 -2.01667
v 0.04532 0.15613 -2.01667
v 0.05857 0.16438 -2.01667
v 0.06958 0.17595 -2.01667
v 0.07870 0.19089 -2.01667
v 0.08609 0.20934 -2.01667
v 0.09181 0.23159 -2.01667
v 0.09590 0.25837 -2.01667
v 0.09834 0.29180 -2.01667
v 0.09916 0.35000 -2.01667
v -0.00000 0.35000 -2.20000
v -0.00000 0.33548 -2.20000
v -0.00000 0.32715 -2.20000
v -0.00000 0.32047 -2.20000
v -0.00000 0.31492 -2.20000
v -0.00000 0.31031 -2.20000
v -0.00000 0.30659 -2.20000
v -0.00000 0.30370 -2.20000
v -0.00000 0.30165 -2.20000
v -0.00000 0.30041 -2.20000
v 0.00000 0.30000 -2.20000
v 0.00000 0.30041 -2.20000
v 0.00000 0.30165 -2.20000
v 0.00000 0.30370 -2.20000
v 0.00000 0.30659 -2.20000
v 0.00000 0.31031 -2.20000
v 0.00000 0.31492 -2.20000
v 0.00000 0.32047 -2.20000
v 0.00000 0.32715 -2.20000
v 0.00000 0.33548 -2.20000
v 0.00000 0.35000 -2.20000
v -0.57500 0.35000 2.20000
v -0.57027 0.14387 2.20000
v -0.55608 0.02548 2.20000
v -0.53242 -0.06939 2.20000
v -0.49924 -0.14820 2.20000
v -0.45638 -0.21353 2.20000
v -0.40347 -0.26645 2.20000
v -0.33965 -0.30742 2.20000
v -0.26282 -0.33664 2.20000
v -0.16694 -0.35416 2.20000
v 0.00000 -0.36000 2.20000
v 0.16694 -0.35416 2.20000
v 0.26282 -0.33664 2.20000
v 0.33965 -0.30742 2.20000
v 0.40347 -0.26645 2.20000
v 0.45638 -0.21353 2.20000
v 0.49924 -0.14820 2.20000
v 0.53242 -0.06939 2.20000
v 0.55608 0.02548 2.20000
v 0.57027 0.14387 2.20000
v 0.57500 0.35000 2.20000
v -0.59750 0.35000 2.01667
v -0.59259 0.14387 2.01667
v -0.57784 0.02548 2.01667
v -0.55325 -0.06939 2.01667
v -0.51877 -0.14820 2.01667
v -0.47424 -0.21353 2.01667
v -0.41926 -0.26645 2.01667
v -0.35294 -0.30742 2.01667
v -0.27310 -0.33664 2.01667
v -0.17347 -0.35416 2.01667
v 0.00000 -0.36000 2.01667
v 0.17347 -0.35416 2.01667
v 0.27310 -0.33664 2.01667
v 0.35294 -0.30742 2.01667
v 0.41926 -0.26645 2.01667
v 0.47424 -0.21353 2.01667
v 0.51877 -0.14820 2.01667
v 0.55325 -0.06939 2.01667
v 0.57784 0.02548 2.01667
v 0.59259 0.14387 2.01667
v 0.59750 0.35000 2.01667
v -0.62000 0.35000 1.83333
v -0.61490 0.14387 1.83333
v -0.59960 0.02548 1.83333
v -0.57409 -0.06939 1.83333
v -0.53831 -0.14820 1.83333
v -0.49209 -0.21353 1.83333
v -0.43505 -0.26645 1.83333
v -0.36623 -0.30742 1.83333
v -0.28339 -0.33664 1.83333
v -0.18000 -0.35416 1.83333
v 0.00000 -0.36000 1.83333
v 0.18000 -0.35416 1.83333
v 0.28339 -0.33664 1.83333
v 0.36623 -0.30742 1.83333
v 0.43505 -0.26645 1.83333
v 0.49209 -0.21353 1.83333
v 0.53831 -0.14820 1.83333
v 0.57409 -0.06939 1.83333
v 0.59960 0.02548 1.83333
v 0.61490 0.14387 1.83333
v 0.62000 0.35000 1.83333
v -0.64250 0.35000 1.65000
v -0.63722 0.14387 1.65000
v -0.62136 0.02548 1.65000
v -0.59492 -0.06939 1.65000
v -0.55784 -0.14820 1.65000
v -0.50995 -0.21353 1.65000
v -0.45084 -0.26645 1.65000
v -0.37952 -0.30742 1.65000
v -0.29367 -0.33664 1.65000
v -0.18654 -0.35416 1.65000
v 0.00000 -0.36000 1.65000
v 0.18654 -0.35416 1.65000
v 0.29367 -0.33664 1.65000
v 0.37952 -0.30742 1.65000
v 0.45084 -0.26645 1.65000
v 0.50995 -0.21353 1.65000
v 0.55784 -0.14820 1.65000
v 0.59492 -0.06939 1.65000
v 0.62136 0.02548 1.65000
v 0.63722 0.14387 1.65000
v 0.64250 0.35000 1.65000
v -0.66500 0.35000 1.46667
v -0.65953 0.14387 1.46667
v -0.64312 0.02548 1.46667
v -0.61576 -0.06939 1.46667
v -0.57738 -0.14820 1.46667
v -0.52781 -0.21353 1.46667
v -0.46662 -0.26645 1.46667
v -0.39281 -0.30742 1.46667
v -0.30396 -0.33664 1.46667
v -0.19307 -0.35416 1.46667
v 0.00000 -0.36000 1.46667
v 0.19307 -0.35416 1.46667
v 0.30396 -0.33664 1.46667
v 0.39281 -0.30742 1.46667
v 0.46662 -0.26645 1.46667
v 0.52781 -0.21353 1.46667
v 0.57738 -0.14820 1.46667
v 0.61576 -0.06939 1.46667
v 0.64312 0.02548 1.46667
v 0.65953 0.14387 1.46667
v 0.66500 0.35000 1.46667
v -0.68750 0.35000 1.28333
v -0.68185 0.14387 1.28333
v -0.66488 0.02548 1.28333
v -0.63659 -0.06939 1.28333
v -0.59691 -0.14820 1.28333
v -0.54567 -0.21353 1.28333
v -0.48241 -0.26645 1.28333
v -0.40610 -0.30742 1.28333
v -0.31424 -0.33664 1.28333
v -0.19960 -0.35416 1.28333
v 0.00000 -0.36000 1.28333
v 0.19960 -0.35416 1.28333
v 0.31424 -0.33664 1.28333
v 0.40610 -0.30742 1.28333
v 0.48241 -0.26645 1.28333
v 0.54567 -0.21353 1.28333
v 0.59691 -0.14820 1.28333
v 0.63659 -0.06939 1.28333
v 0.66488 0.02548 1.28333
v 0.68185 0.14387 1.28333
v 0.68750 0.35000 1.28333
v -0.71000 0.35000 1.10000
v -0.70416 0.14387 1.10000
v -0.68664 0.02548 1.10000
v -0.65742 -0.06939 1.10000
v -0.61645 -0.14820 1.10000
v -0.56353 -0.21353 1.10000
v -0.49820 -0.26645 1.10000
v -0.41939 -0.30742 1.10000
v -0.32452 -0.33664 1.10000
v -0.20613 -0.35416 1.10000
v 0.00000 -0.36000 1.10000
v 0.20613 -0.35416 1.10000
v 0.32452 -0.33664 1.10000
v 0.41939 -0.30742 1.10000
v 0.49820 -0.26645 1.10000
v 0.56353 -0.21353 1.10000
v 0.61645 -0.14820 1.10000
v 0.65742 -0.06939 1.10000
v 0.68664 0.02548 1.10000
v 0.70416 0.14387 1.10000
v 0.71000 0.35000 1.10000
v -0.71000 0.35000 0.91667
v -0.70416 0.14387 0.91667
v -0.68664 0.02548 0.91667
v -0.65742 -0.06939 0.91667
v -0.61645 -0.14820 0.91667
v -0.56353 -0.21353 0.91667
v -0.49820 -0.26645 0.91667
v -0.41939 -0.30742 0.91667
v -0.32452 -0.33664 0.91667
v -0.20613 -0.35416 0.91667
v 0.00000 -0.36000 0.91667
v 0.20613 -0.35416 0.91667
v 0.32452 -0.33664 0.91667
v 0.41939 -0.30742 0.91667
v 0.49820 -0.26645 0.91667
v 0.56353 -0.21353 0.91667
v 0.61645 -0.14820 0.91667
v 0.65742 -0.06939 0.91667
v 0.68664 0.02548 0.91667
v 0.70416 0.14387 0.91667
v 0.71000 0.35000 0.91667
v -0.71000 0.35000 0.73333
v -0.70416 0.14387 0.73333
v -0.68664 0.02548 0.73333
v -0.65742 -0.06939 0.73333
v -0.61645 -0.14820 0.73333
v -0.56353 -0.21353 0.73333
v -0.49820 -0.26645 0.73333
v -0.41939 -0.30742 0.73333
v -0.32452 -0.33664 0.73333
v -0.20613 -0.35416 0.73333
v 0.00000 -0.36000 0.73333
v 0.20613 -0.35416 0.73333
v 0.32452 -0.33664 0.73333
v 0.41939 -0.30742 0.73333
v 0.49820 -0.26645 0.73333
v 0.56353 -0.21353 0.73333
v 0.61645 -0.14820 0.73333
v 0.65742 -0.06939 0.73333
v 0.68664 0.02548 0.73333
v 0.70416 0.14387 0.73333
v 0.71000 0.35000 0.73333
v -0.71000 0.35000 0.55000
v -0.70416 0.14387 0.55000
v -0.68664 0.02548 0.55000
v -0.65742 -0.06939 0.55000
v -0.61645 -0.14820 0.55000
v -0.56353 -0.21353 0.55000
v -0.49820 -0.26645 0.55000
v -0.41939 -0.30742 0.55000
v -0.32452 -0.33664 0.55000
v -0.20613 -0.35416 0.55000
v 0.00000 -0.36000 0.55000
v 0.20613 -0.35416 0.55000
v 0.32452 -0.33664 0.55000
v 0.41939 -0.30742 0.55000
v 0.49820 -0.26645 0.55000
v 0.56353 -0.21353 0.55000
v 0.61645 -0.14820 0.55000
v 0.65742 -0.06939 0.55000
v 0.68664 0.02548 0.55000
v 0.70416 0.14387 0.55000
v 0.71000 0.35000 0.55000
v -0.71000 0.35000 0.36667
v -0.70416 0.14387 0.36667
v -0.68664 0.02548 0.36667
v -0.65742 -0.06939 0.36667
v -0.61645 -0.14820 0.36667
v -0.56353 -0.21353 0.36667
v -0.49820 -0.26645 0.36667
v -0.41939 -0.30742 0.36667
v -0.32452 -0.33664 0.36667
v -0.20613 -0.35416 0.36667
v 0.00000 -0.36000 0.36667
v 0.20613 -0.35416 0.36667
v 0.32452 -0.33664 0.36667
v 0.41939 -0.30742 0.36667
v 0.49820 -0.26645 0.36667
v 0.56353 -0.21353 0.36667
v 0.61645 -0.14820 0.36667
v 0.65742 -0.06939 0.36667
v 0.68664 0.02548 0.36667
v 0.70416 0.14387 0.36667
v 0.71000 0.35000 0.36667
v -0.70960 0.35000 0.18333
v -0.70377 0.14387 0.18333
v -0.68626 0.02548 0.18333
v -0.65706 -0.06939 0.18333
v -0.61610 -0.14820 0.18333
v -0.56321 -0.21353 0.18333
v -0.49792 -0.26645 0.18333
v -0.41916 -0.30742 0.18333
v -0.32434 -0.33664 0.18333
v -0.20602 -0.35416 0.18333
v 0.00000 -0.36000 0.18333
v 0.20602 -0.35416 0.18333
v 0.32434 -0.33664 0.18333
v 0.41916 -0.30742 0.18333
v 0.49792 -0.26645 0.18333
v 0.56321 -0.21353 0.18333
v 0.61610 -0.14820 0.18333
v 0.65706 -0.06939 0.18333
v 0.68626 0.02548 0.18333
v 0.70377 0.14387 0.18333
v 0.70960 0.35000 0.18333
v -0.69999 0.35000 0.00000
v -0.69423 0.14387 0.00000
v -0.67696 0.02548 0.00000
v -0.64815 -0.06939 0.00000
v -0.60776 -0.14820 0.00000
v -0.55558 -0.21353 0.00000
v -0.49117 -0.26645 0.00000
v -0.41348 -0.30742 0.00000
v -0.31995 -0.33664 0.00000
v -0.20323 -0.35416 0.00000
v 0.00000 -0.36000 0.00000
v 0.20323 -0.35416 0.00000
v 0.31995 -0.33664 0.00000
v 0.41348 -0.30742 0.00000
v 0.49117 -0.26645 0.00000
v 0.55558 -0.21353 0.00000
v 0.60776 -0.14820 0.00000
v 0.64815 -0.06939 0.00000
v 0.67696 0.02548 0.00000
v 0.69423 0.14387 0.00000
v 0.69999 0.35000 0.00000
v -0.68019 0.35000 -0.18333
v -0.67459 0.14387 -0.18333
v -0.65781 0.02548 -0.18333
v -0.62982 -0.06939 -0.18333
v -0.59056 -0.14820 -0.18333
v -0.53987 -0.21353 -0.18333
v -0.47728 -0.26645 -0.18333
v -0.40178 -0.30742 -0.18333
v -0.31090 -0.33664 -0.18333
v -0.19748 -0.35416 -0.18333
v 0.00000 -0.36000 -0.18333
v 0.19748 -0.35416 -0.18333
v 0.31090 -0.33664 -0.18333
v 0.40178 -0.30742 -0.18333
v 0.47728 -0.26645 -0.18333
v 0.53987 -0.21353 -0.18333
v 0.59056 -0.14820 -0.18333
v 0.62982 -0.06939 -0.18333
v 0.65781 0.02548 -0.18333
v 0.67459 0.14387 -0.18333
v 0.68019 0.35000 -0.18333
v -0.65148 0.35000 -0.36667
v -0.64612 0.14387 -0.36667
v -0.63005 0.02548 -0.36667
v -0.60324 -0.06939 -0.36667
v -0.56564 -0.14820 -0.36667
v -0.51708 -0.21353 -0.36667
v -0.45714 -0.26645 -0.36667
v -0.38483 -0.30742 -0.36667
v -0.29778 -0.33664 -0.36667
v -0.18914 -0.35416 -0.36667
v 0.00000 -0.36000 -0.36667
v 0.18914 -0.35416 -0.36667
v 0.29778 -0.33664 -0.36667
v 0.38483 -0.30742 -0.36667
v 0.45714 -0.26645 -0.36667
v 0.51708 -0.21353 -0.36667
v 0.56564 -0.14820 -0.36667
v 0.60324 -0.06939 -0.36667
v 0.63005 0.02548 -0.36667
v 0.64612 0.14387 -0.36667
v 0.65148 0.35000 -0.36667
v -0.61453 0.35000 -0.55000
v -0.60947 0.14432 -0.55000
v -0.59431 0.02619 -0.55000
v -0.56902 -0.06847 -0.55000
v -0.53356 -0.14710 -0.55000
v -0.48775 -0.21228 -0.55000
v -0.43121 -0.26508 -0.55000
v -0.36300 -0.30597 -0.55000
v -0.28089 -0.33512 -0.55000
v -0.17841 -0.35260 -0.55000
v 0.00000 -0.35843 -0.55000
v 0.17841 -0.35260 -0.55000
v 0.28089 -0.33512 -0.55000
v 0.36300 -0.30597 -0.55000
v 0.43121 -0.26508 -0.55000
v 0.48775 -0.21228 -0.55000
v 0.53356 -0.14710 -0.55000
v 0.56902 -0.06847 -0.55000
v 0.59431 0.02619 -0.55000
v 0.60947 0.14432 -0.55000
v 0.61453 0.35000 -0.55000
v -0.56977 0.35000 -0.73333
v -0.56509 0.14781 -0.73333
v -0.55103 0.03169 -0.73333
v -0.52758 -0.06137 -0.73333
v -0.49470 -0.13867 -0.73333
v -0.45223 -0.20274 -0.73333
v -0.39980 -0.25465 -0.73333
v -0.33656 -0.29484 -0.73333
v -0.26043 -0.32350 -0.73333
v -0.16542 -0.34068 -0.73333
v 0.00000 -0.34641 -0.73333
v 0.16542 -0.34068 -0.73333
v 0.26043 -0.32350 -0.73333
v 0.33656 -0.29484 -0.73333
v 0.39980 -0.25465 -0.73333
v 0.45223 -0.20274 -0.73333
v 0.49470 -0.13867 -0.73333
v 0.52758 -0.06137 -0.73333
v 0.55103 0.03169 -0.73333
v 0.56509 0.14781 -0.73333
v 0.56977 0.35000 -0.73333
v -0.51754 0.35000 -0.91667
v -0.51329 0.15535 -0.91667
v -0.50052 0.04355 -0.91667
v -0.47922 -0.04604 -0.91667
v -0.44935 -0.12046 -0.91667
v -0.41077 -0.18214 -0.91667
v -0.36316 -0.23212 -0.91667
v -0.30571 -0.27081 -0.91667
v -0.23656 -0.29840 -0.91667
v -0.15026 -0.31495 -0.91667
v 0.00000 -0.32046 -0.91667
v 0.15026 -0.31495 -0.91667
v 0.23656 -0.29840 -0.91667
v 0.30571 -0.27081 -0.91667
v 0.36316 -0.23212 -0.91667
v 0.41077 -0.18214 -0.91667
v 0.44935 -0.12046 -0.91667
v 0.47922 -0.04604 -0.91667
v 0.50052 0.04355 -0.91667
v 0.51329 0.15535 -0.91667
v 0.51754 0.35000 -0.91667
v -0.45810 0.35000 -1.10000
v -0.45433 0.16736 -1.10000
v -0.44303 0.06246 -1.10000
v -0.42418 -0.02161 -1.10000
v -0.39774 -0.09143 -1.10000
v -0.36359 -0.14931 -1.10000
v -0.32145 -0.19621 -1.10000
v -0.27060 -0.23251 -1.10000
v -0.20939 -0.25840 -1.10000
v -0.13300 -0.27392 -1.10000
v 0.00000 -0.27910 -1.10000
v 0.13300 -0.27392 -1.10000
v 0.20939 -0.25840 -1.10000
v 0.27060 -0.23251 -1.10000
v 0.32145 -0.19621 -1.10000
v 0.36359 -0.14931 -1.10000
v 0.39774 -0.09143 -1.10000
v 0.42418 -0.02161 -1.10000
v 0.44303 0.06246 -1.10000
v 0.45433 0.16736 -1.10000
v 0.45810 0.35000 -1.10000
v -0.39166 0.35000 -1.28333
v -0.38844 0.18414 -1.28333
v -0.37877 0.08889 -1.28333
v -0.36266 0.01255 -1.28333
v -0.34005 -0.05086 -1.28333
v -0.31086 -0.10342 -1.28333
v -0.27482 -0.14600 -1.28333
v -0.23135 -0.17897 -1.28333
v -0.17902 -0.20248 -1.28333
v -0.11371 -0.21657 -1.28333
v 0.00000 -0.22127 -1.28333
v 0.11371 -0.21657 -1.28333
v 0.17902 -0.20248 -1.28333
v 0.23135 -0.17897 -1.28333
v 0.27482 -0.14600 -1.28333
v 0.31086 -0.10342 -1.28333
v 0.34005 -0.05086 -1.28333
v 0.36266 0.01255 -1.28333
v 0.37877 0.08889 -1.28333
v 0.38844 0.18414 -1.28333
v 0.39166 0.35000 -1.28333
v -0.31840 0.35000 -1.46667
v -0.31578 0.20595 -1.46667
v -0.30792 0.12322 -1.46667
v -0.29482 0.05693 -1.46667
v -0.27644 0.00186 -1.46667
v -0.25271 -0.04379 -1.46667
v -0.22342 -0.08077 -1.46667
v -0.18808 -0.10941 -1.46667
v -0.14553 -0.12982 -1.46667
v -0.09244 -0.14207 -1.46667
v 0.00000 -0.14615 -1.46667
v 0.09244 -0.14207 -1.46667
v 0.14553 -0.12982 -1.46667
v 0.18808 -0.10941 -1.46667
v 0.22342 -0.08077 -1.46667
v 0.25271 -0.04379 -1.46667
v 0.27644 0.00186 -1.46667
v 0.29482 0.05693 -1.46667
v 0.30792 0.12322 -1.46667
v 0.31578 0.20595 -1.46667
v 0.31840 0.35000 -1.46667
v -0.23847 0.35000 -1.65000
v -0.23651 0.23299 -1.65000
v -0.23062 0.16579 -1.65000
v -0.22081 0.11193 -1.65000
v -0.20705 0.06720 -1.65000
v -0.18927 0.03012 -1.65000
v -0.16733 0.00008 -1.65000
v -0.14086 -0.02318 -1.65000
v -0.10900 -0.03977 -1.65000
v -0.06923 -0.04971 -1.65000
v 0.00000 -0.05303 -1.65000
v 0.06923 -0.04971 -1.65000
v 0.10900 -0.03977 -1.65000
v 0.14086 -0.02318 -1.65000
v 0.16733 0.00008 -1.65000
v 0.18927 0.03012 -1.65000
v 0.20705 0.06720 -1.65000
v 0.22081 0.11193 -1.65000
v 0.23062 0.16579 -1.65000
v 0.23651 0.23299 -1.65000
v 0.23847 0.35000 -1.65000
v -0.15202 0.35000 -1.83333
v -0.15077 0.26542 -1.83333
v -0.14702 0.21685 -1.83333
v -0.14076 0.17792 -1.83333
v -0.13199 0.14559 -1.83333
v -0.12066 0.11879 -1.83333
v -0.10667 0.09707 -1.83333
v -0.08980 0.08026 -1.83333
v -0.06948 0.06827 -1.83333
v -0.04413 0.06108 -1.83333
v 0.00000 0.05869 -1.83333
v 0.04413 0.06108 -1.83333
v 0.06948 0.06827 -1.83333
v 0.08980 0.08026 -1.83333
v 0.10667 0.09707 -1.83333
v 0.12066 0.11879 -1.83333
v 0.13199 0.14559 -1.83333
v 0.14076 0.17792 -1.83333
v 0.14702 0.21685 -1.83333
v 0.15077 0.26542 -1.83333
v 0.15202 0.35000 -1.83333
v -0.05916 0.35000 -2.01667
v -0.05867 0.30341 -2.01667
v -0.05721 0.27666 -2.01667
v -0.05478 0.25522 -2.01667
v -0.05136 0.23741 -2.01667
v -0.04695 0.22264 -2.01667
v -0.04151 0.21068 -2.01667
v -0.03494 0.20142 -2.01667
v -0.02704 0.19482 -2.01667
v -0.01718 0.19086 -2.01667
v 0.00000 0.18954 -2.01667
v 0.01718 0.19086 -2.01667
v 0.02704 0.19482 -2.01667
v 0.03494 0.20142 -2.01667
v 0.04151 0.21068 -2.01667
v 0.04695 0.22264 -2.01667
v 0.05136 0.23741 -2.01667
v 0.05478 0.25522 -2.01667
v 0.05721 0.27666 -2.01667
v 0.05867 0.30341 -2.01667
v 0.05916 0.35000 -2.01667
v -0.00000 0.35000 -2.20000
v -0.00000 0.34710 -2.20000
v -0.00000 0.34543 -2.20000
v -0.00000 0.34409 -2.20000
v -0.00000 0.34298 -2.20000
v -0.00000 0.34206 -2.20000
v -0.00000 0.34132 -2.20000
v -0.00000 0.34074 -2.20000
v -0.00000 0.34033 -2.20000
v -0.00000 0.34008 -2.20000
v 0.00000 0.34000 -2.20000
v 0.00000 0.34008 -2.20000
v 0.00000 0.34033 -2.20000
v 0.00000 0.34074 -2.20000
v 0.00000 0.34132 -2.20000
v 0.00000 0.34206 -2.20000
v 0.00000 0.34298 -2.20000
v 0.00000 0.34409 -2.20000
v 0.00000 0.34543 -2.20000
v 0.00000 0.34710 -2.20000
v 0.00000 0.35000 -2.20000
v 0.00000 0.35000 2.20000
v 0.00000 0.35000 2.16000
v -0.60308 0.21000 -0.74000
v -0.60308 0.21000 -0.46000
v -0.60308 0.25000 -0.74000
v -0.60308 0.25000 -0.46000
v 0.60308 0.21000 -0.74000
v 0.60308 0.21000 -0.46000
v 0.60308 0.25000 -0.74000
v 0.60308 0.25000 -0.46000
v -0.71000 0.21000 0.56000
v -0.71000 0.21000 0.84000
v -0.71000 0.25000 0.56000
v -0.71000 0.25000 0.84000
v 0.71000 0.21000 0.56000
v 0.71000 0.21000 0.84000
v 0.71000 0.25000 0.56000
v 0.71000 0.25000 0.84000
vn -0.48429 0.07751 0.87147
vn -0.35765 -0.02749 0.93345
vn -0.35861 -0.07350 0.93059
vn -0.33393 -0.12219 0.93465
vn -0.29690 -0.17290 0.93912
vn -0.24980 -0.22254 0.94238
vn -0.19520 -0.26800 0.94344
vn -0.13665 -0.30661 0.94198
vn -0.07862 -0.33710 0.93818
vn -0.02457 -0.37129 0.92819
vn 0.00396 -0.34790 0.93752
vn 0.03511 -0.31500 0.94844
vn 0.09340 -0.31421 0.94475
vn 0.15293 -0.28807 0.94532
vn 0.21202 -0.25086 0.94452
vn 0.26665 -0.20619 0.94148
vn 0.31384 -0.15742 0.93633
vn 0.35190 -0.10796 0.92979
vn 0.38093 -0.06112 0.92258
vn 0.41379 -0.01881 0.91018
vn 0.27514 0.09469 0.95673
vn -0.98041 0.15622 0.11999
vn -0.99084 -0.06098 0.12045
vn -0.97639 -0.18241 0.11570
vn -0.94016 -0.32361 0.10670
vn -0.87076 -0.48290 0.09271
vn -0.75946 -0.64634 0.07398
vn -0.60705 -0.79293 0.05236
vn -0.42881 -0.90285 0.03125
vn -0.24933 -0.96831 0.01420
vn -0.08412 -0.99645 0.00318
vn -0.00000 -1.00000 0.00040
vn 0.08465 -0.99641 0.00320
vn 0.24994 -0.96816 0.01424
vn 0.42958 -0.90249 0.03130
vn 0.60789 -0.79228 0.05243
vn 0.76024 -0.64541 0.07405
vn 0.87136 -0.48179 0.09277
vn 0.94054 -0.32247 0.10674
vn 0.97658 -0.18138 0.11573
vn 0.99089 -0.06027 0.12046
vn 0.98032 0.15676 0.11998
vn -0.98053 0.15540 0.12001
vn -0.99071 -0.06311 0.12043
vn -0.97523 -0.18861 0.11557
vn -0.93665 -0.33376 0.10630
vn -0.86357 -0.49578 0.09194
vn -0.74833 -0.65931 0.07289
vn -0.59381 -0.80298 0.05122
vn -0.41680 -0.90849 0.03037
vn -0.24135 -0.97034 0.01375
vn -0.08128 -0.99669 0.00307
vn 0.00000 -1.00000 0.00038
vn 0.08177 -0.99665 0.00309
vn 0.24192 -0.97020 0.01378
vn 0.41752 -0.90816 0.03042
vn 0.59462 -0.80237 0.05129
vn 0.74910 -0.65842 0.07297
vn 0.86418 -0.49470 0.09200
vn 0.93704 -0.33263 0.10634
vn 0.97542 -0.18758 0.11559
vn 0.99076 -0.06240 0.12044
vn 0.98045 0.15594 0.12000
vn -0.98066 0.15459 0.12002
vn -0.99058 -0.06524 0.12042
vn -0.97403 -0.19478 0.11542
vn -0.93306 -0.34379 0.10589
vn -0.85631 -0.50835 0.09117
vn -0.73731 -0.67173 0.07182
vn -0.58098 -0.81238 0.05011
vn -0.40537 -0.91367 0.02954
vn -0.23384 -0.97218 0.01332
vn -0.07862 -0.99690 0.00297
vn -0.00000 -1.00000 0.00037
vn 0.07909 -0.99686 0.00299
vn 0.23438 -0.97205 0.01335
vn 0.40606 -0.91337 0.02959
vn 0.58176 -0.81181 0.05018
vn 0.73808 -0.67088 0.07190
vn 0.85693 -0.50730 0.09123
vn 0.93346 -0.34267 0.10594
vn 0.97423 -0.19375 0.11545
vn 0.99062 -0.06453 0.12042
vn 0.98058 0.15513 0.12001
vn -0.98079 0.15378 0.12004
vn -0.99044 -0.06737 0.12040
vn -0.97280 -0.20093 0.11528
vn -0.92939 -0.35371 0.10547
vn -0.84900 -0.52061 0.09039
vn -0.72642 -0.68360 0.07076
vn -0.56855 -0.82119 0.04904
vn -0.39450 -0.91845 0.02875
vn -0.22678 -0.97386 0.01292
vn -0.07613 -0.99709 0.00288
vn -0.00000 -1.00000 0.00036
vn 0.07657 -0.99706 0.00289
vn 0.22728 -0.97374 0.01295
vn 0.39515 -0.91816 0.02879
vn 0.56931 -0.82065 0.04911
vn 0.72718 -0.68278 0.07083
vn 0.84962 -0.51958 0.09046
vn 0.92980 -0.35261 0.10552
vn 0.97301 -0.19991 0.11530
vn 0.99048 -0.06666 0.12041
vn 0.98070 0.15432 0.12003
vn -0.98091 0.15296 0.12005
vn -0.99029 -0.06950 0.12038
vn -0.97153 -0.20706 0.11513
vn -0.92565 -0.36351 0.10505
vn -0.84164 -0.53255 0.08961
vn -0.71567 -0.69495 0.06971
vn -0.55652 -0.82944 0.04800
vn -0.38414 -0.92285 0.02799
vn -0.22012 -0.97539 0.01254
vn -0.07380 -0.99727 0.00279
vn -0.00000 -1.00000 0.00035
vn 0.07421 -0.99724 0.00280
vn 0.22059 -0.97528 0.01256
vn 0.38476 -0.92259 0.02804
vn 0.55726 -0.82894 0.04807
vn 0.71642 -0.69417 0.06979
vn 0.84227 -0.53155 0.08967
vn 0.92607 -0.36242 0.10510
vn 0.97175 -0.20604 0.11515
vn 0.99034 -0.06879 0.12039
vn 0.98083 0.15350 0.12004
vn -0.98734 0.15340 0.04039
vn -0.99524 -0.07146 0.06624
vn -0.97519 -0.21291 0.06055
vn -0.92628 -0.37280 0.05511
vn -0.83804 -0.54357 0.04712
vn -0.70821 -0.70504 0.03689
vn -0.54741 -0.83647 0.02573
vn -0.37613 -0.92644 0.01539
vn -0.21498 -0.97659 0.00727
vn -0.07206 -0.99740 0.00187
vn -0.00000 -1.00000 0.00017
vn 0.07225 -0.99739 0.00086
vn 0.21521 -0.97656 0.00498
vn 0.37645 -0.92636 0.01203
vn 0.54782 -0.83632 0.02150
vn 0.70870 -0.70478 0.03212
vn 0.83855 -0.54320 0.04212
vn 0.92674 -0.37236 0.05004
vn 0.97562 -0.21247 0.05504
vn 0.99596 -0.07115 0.05478
vn 0.98491 0.15331 0.08025
vn -0.98814 0.15353 -0.00000
vn -0.99742 -0.07180 -0.00000
vn -0.97682 -0.21407 -0.00000
vn -0.92714 -0.37471 -0.00000
vn -0.83788 -0.54585 -0.00000
vn -0.70711 -0.70711 -0.00000
vn -0.54585 -0.83788 -0.00000
vn -0.37471 -0.92714 -0.00000
vn -0.21407 -0.97682 -0.00000
vn -0.07180 -0.99742 -0.00000
vn -0.00000 -1.00000 -0.00000
vn 0.07180 -0.99742 -0.00000
vn 0.21407 -0.97682 -0.00000
vn 0.37471 -0.92714 -0.00000
vn 0.54585 -0.83788 -0.00000
vn 0.70711 -0.70711 -0.00000
vn 0.83788 -0.54585 -0.00000
vn 0.92714 -0.37471 -0.00000
vn 0.97682 -0.21407 -0.00000
vn 0.99742 -0.07180 -0.00000
vn 0.98814 0.15353 -0.00000
vn -0.98814 0.15353 -0.00000
vn -0.99742 -0.07180 -0.00000
vn -0.97682 -0.21407 -0.00000
vn -0.92714 -0.37471 -0.00000
vn -0.83788 -0.54585 -0.00000
vn -0.70711 -0.70711 -0.00000
vn -0.54585 -0.83788 -0.00000
vn -0.37471 -0.92714 -0.00000
vn -0.21407 -0.97682 -0.00000
vn -0.07180 -0.99742 -0.00000
vn -0.00000 -1.00000 -0.00000
vn 0.07180 -0.99742 -0.00000
vn 0.21407 -0.97682 -0.00000
vn 0.37471 -0.92714 -0.00000
vn 0.54585 -0.83788 -0.00000
vn 0.70711 -0.70711 -0.00000
vn 0.83788 -0.54585 -0.00000
vn 0.92714 -0.37471 -0.00000
vn 0.97682 -0.21407 -0.00000
vn 0.99742 -0.07180 -0.00000
vn 0.98814 0.15353 -0.00000
vn -0.98814 0.15353 -0.00000
vn -0.99742 -0.07180 -0.00000
vn -0.97682 -0.21407 -0.00000
vn -0.92714 -0.37471 -0.00000
vn -0.83788 -0.54585 -0.00000
vn -0.70711 -0.70711 -0.00000
vn -0.54585 -0.83788 -0.00000
vn -0.37471 -0.92714 -0.00000
vn -0.21407 -0.97682 -0.00000
vn -0.07180 -0.99742 -0.00000
vn -0.00000 -1.00000 -0.00000
vn 0.07180 -0.99742 -0.00000
vn 0.21407 -0.97682 -0.00000
vn 0.37471 -0.92714 -0.00000
vn 0.54585 -0.83788 -0.00000
vn 0.70711 -0.70711 -0.00000
vn 0.83788 -0.54585 -0.00000
vn 0.92714 -0.37471 -0.00000
vn 0.97682 -0.21407 -0.00000
vn 0.99742 -0.07180 -0.00000
vn 0.98814 0.15353 -0.00000
vn -0.98814 0.15353 -0.00142
vn -0.99742 -0.07179 -0.00097
vn -0.97682 -0.21405 -0.00097
vn -0.92716 -0.37467 -0.00089
vn -0.83791 -0.54581 -0.00074
vn -0.70714 -0.70707 -0.00057
vn -0.54588 -0.83786 -0.00038
vn -0.37474 -0.92713 -0.00021
vn -0.21409 -0.97681 -0.00009
vn -0.07180 -0.99742 -0.00002
vn -0.00000 -1.00000 -0.00000
vn 0.07180 -0.99742 -0.00003
vn 0.21409 -0.97681 -0.00013
vn 0.37473 -0.92713 -0.00027
vn 0.54588 -0.83786 -0.00045
vn 0.70713 -0.70708 -0.00065
vn 0.83790 -0.54582 -0.00083
vn 0.92715 -0.37468 -0.00098
vn 0.97682 -0.21406 -0.00107
vn 0.99742 -0.07179 -0.00117
vn 0.98814 0.15353 -0.00072
vn -0.98751 0.15357 -0.03510
vn -0.99714 -0.07151 -0.02461
vn -0.97666 -0.21336 -0.02462
vn -0.92730 -0.37366 -0.02237
vn -0.83845 -0.54465 -0.01883
vn -0.70803 -0.70604 -0.01436
vn -0.54689 -0.83715 -0.00963
vn -0.37560 -0.92677 -0.00540
vn -0.21465 -0.97669 -0.00225
vn -0.07202 -0.99740 -0.00040
vn 0.00000 -1.00000 -0.00008
vn 0.07194 -0.99741 -0.00081
vn 0.21455 -0.97671 -0.00319
vn 0.37546 -0.92681 -0.00678
vn 0.54672 -0.83724 -0.01136
vn 0.70784 -0.70618 -0.01632
vn 0.83827 -0.54485 -0.02089
vn 0.92715 -0.37388 -0.02446
vn 0.97656 -0.21358 -0.02688
vn 0.99700 -0.07166 -0.02933
vn 0.98797 0.15351 -0.01870
vn -0.98424 0.15354 -0.08778
vn -0.99460 -0.07024 -0.07643
vn -0.97489 -0.20996 -0.07426
vn -0.92718 -0.36846 -0.06763
vn -0.84060 -0.53861 -0.05736
vn -0.71219 -0.70059 -0.04425
vn -0.55187 -0.83338 -0.03015
vn -0.37994 -0.92485 -0.01733
vn -0.21745 -0.97604 -0.00757
vn -0.07306 -0.99733 -0.00157
vn -0.00000 -1.00000 -0.00022
vn 0.07280 -0.99734 -0.00203
vn 0.21715 -0.97610 -0.00861
vn 0.37953 -0.92499 -0.01885
vn 0.55136 -0.83365 -0.03205
vn 0.71164 -0.70101 -0.04640
vn 0.84008 -0.53919 -0.05960
vn 0.92675 -0.36911 -0.06990
vn 0.97456 -0.21059 -0.07674
vn 0.99416 -0.07068 -0.08159
vn 0.98570 0.15340 -0.06980
vn -0.97861 0.15350 -0.13697
vn -0.98953 -0.06787 -0.12740
vn -0.97134 -0.20341 -0.12298
vn -0.92683 -0.35827 -0.11237
vn -0.84470 -0.52657 -0.09594
vn -0.72040 -0.68953 -0.07467
vn -0.56187 -0.82563 -0.05138
vn -0.38877 -0.92085 -0.02985
vn -0.22318 -0.97469 -0.01323
vn -0.07513 -0.99717 -0.00285
vn 0.00000 -1.00000 -0.00038
vn 0.07468 -0.99720 -0.00325
vn 0.22265 -0.97480 -0.01414
vn 0.38807 -0.92110 -0.03117
vn 0.56102 -0.82610 -0.05302
vn 0.71949 -0.69028 -0.07651
vn 0.84387 -0.52756 -0.09784
vn 0.92617 -0.35937 -0.11431
vn 0.97085 -0.20446 -0.12510
vn 0.98889 -0.06860 -0.13184
vn 0.98069 0.15323 -0.12150
vn -0.97146 0.15364 -0.18072
vn -0.98291 -0.06460 -0.17237
vn -0.96671 -0.19422 -0.16659
vn -0.92645 -0.34372 -0.15344
vn -0.85049 -0.50895 -0.13283
vn -0.73222 -0.67284 -0.10557
vn -0.57667 -0.81354 -0.07490
vn -0.40212 -0.91444 -0.04583
vn -0.23195 -0.97246 -0.02297
vn -0.07831 -0.99689 -0.00868
vn -0.00001 -0.99999 -0.00474
vn 0.07762 -0.99695 -0.00824
vn 0.23115 -0.97264 -0.02343
vn 0.40108 -0.91485 -0.04669
vn 0.57544 -0.81430 -0.07605
vn 0.73098 -0.67398 -0.10689
vn 0.84940 -0.51038 -0.13425
vn 0.92562 -0.34526 -0.15496
vn 0.96611 -0.19566 -0.16835
vn 0.98214 -0.06560 -0.17633
vn 0.97404 0.15314 -0.16671
vn -0.96295 0.15478 -0.22085
vn -0.97493 -0.06070 -0.21407
vn -0.96056 -0.18314 -0.20924
vn -0.92465 -0.32569 -0.19734
vn -0.85558 -0.48618 -0.17780
vn -0.74486 -0.64999 -0.15067
vn -0.59394 -0.79573 -0.11848
vn -0.41866 -0.90403 -0.08636
vn -0.24326 -0.96810 -0.06006
vn -0.08251 -0.99561 -0.04409
vn -0.00010 -0.99931 -0.03704
vn 0.08136 -0.99592 -0.03911
vn 0.24189 -0.96855 -0.05829
vn 0.41702 -0.90490 -0.08517
vn 0.59222 -0.79714 -0.11763
vn 0.74330 -0.65189 -0.15015
vn 0.85437 -0.48835 -0.17764
vn 0.92383 -0.32787 -0.19761
vn 0.96000 -0.18507 -0.21012
vn 0.97411 -0.06203 -0.21739
vn 0.96605 0.15335 -0.20790
vn -0.95307 0.15845 -0.25797
vn -0.96578 -0.05673 -0.25307
vn -0.95263 -0.17175 -0.25099
vn -0.92012 -0.30665 -0.24359
vn -0.85711 -0.46093 -0.23002
vn -0.75395 -0.62269 -0.20932
vn -0.60888 -0.77200 -0.18244
vn -0.43443 -0.88758 -0.15321
vn -0.25471 -0.95859 -0.12739
vn -0.08696 -0.99001 -0.11098
vn -0.00029 -0.99472 -0.10259
vn 0.08506 -0.99090 -0.10427
vn 0.25239 -0.95955 -0.12474
vn 0.43183 -0.88919 -0.15123
vn 0.60637 -0.77434 -0.18088
vn 0.75187 -0.62557 -0.20820
vn 0.85562 -0.46400 -0.22938
vn 0.91917 -0.30956 -0.24350
vn 0.95202 -0.17426 -0.25159
vn 0.96489 -0.05848 -0.25607
vn 0.95677 0.15517 -0.24600
vn -0.94184 0.16567 -0.29239
vn -0.95571 -0.05293 -0.28950
vn -0.94328 -0.16082 -0.29044
vn -0.91324 -0.28802 -0.28818
vn -0.85507 -0.43528 -0.28176
vn -0.75864 -0.59315 -0.26952
vn -0.61966 -0.74372 -0.25080
vn -0.44735 -0.86494 -0.22751
vn -0.26480 -0.94236 -0.20453
vn -0.09109 -0.97781 -0.18865
vn -0.00056 -0.98371 -0.17977
vn 0.08820 -0.97945 -0.18140
vn 0.26122 -0.94400 -0.20157
vn 0.44354 -0.86748 -0.22528
vn 0.61618 -0.74718 -0.24909
vn 0.75591 -0.59716 -0.26833
vn 0.85321 -0.43934 -0.28110
vn 0.91208 -0.29175 -0.28808
vn 0.94256 -0.16399 -0.29102
vn 0.95473 -0.05515 -0.29231
vn 0.94619 0.15985 -0.28137
vn -0.92914 0.17772 -0.32422
vn -0.94492 -0.04932 -0.32356
vn -0.93285 -0.15044 -0.32735
vn -0.90453 -0.27008 -0.32997
vn -0.85013 -0.40985 -0.33060
vn -0.75942 -0.56237 -0.32715
vn -0.62633 -0.71191 -0.31763
vn -0.45707 -0.83663 -0.30190
vn -0.27310 -0.91931 -0.28334
vn -0.09475 -0.95850 -0.26887
vn -0.00091 -0.96564 -0.25989
vn 0.09057 -0.96095 -0.26147
vn 0.26794 -0.92177 -0.28027
vn 0.45174 -0.84032 -0.29965
vn 0.62166 -0.71671 -0.31600
vn 0.75589 -0.56768 -0.32613
vn 0.84779 -0.41505 -0.33013
vn 0.90311 -0.27475 -0.33001
vn 0.93199 -0.15435 -0.32799
vn 0.94385 -0.05209 -0.32626
vn 0.93430 0.16843 -0.31419
vn -0.91453 0.19694 -0.35334
vn -0.93357 -0.04582 -0.35545
vn -0.92165 -0.14043 -0.36173
vn -0.89453 -0.25266 -0.36876
vn -0.84306 -0.38467 -0.37588
vn -0.75716 -0.53073 -0.38084
vn -0.62959 -0.67729 -0.38066
vn -0.46394 -0.80337 -0.37330
vn -0.27978 -0.88992 -0.36023
vn -0.09800 -0.93239 -0.34791
vn -0.00137 -0.94073 -0.33916
vn 0.09210 -0.93567 -0.34064
vn 0.27252 -0.89338 -0.35721
vn 0.45665 -0.80849 -0.37124
vn 0.62338 -0.68373 -0.37936
vn 0.75259 -0.53764 -0.38021
vn 0.84006 -0.39127 -0.37578
vn 0.89272 -0.25850 -0.36909
vn 0.92058 -0.14528 -0.36254
vn 0.93239 -0.04926 -0.35807
vn 0.92090 0.18244 -0.34447
vn -0.89681 0.22793 -0.37919
vn -0.92184 -0.04228 -0.38527
vn -0.90996 -0.13049 -0.39363
vn -0.88377 -0.23535 -0.40442
vn -0.83474 -0.35934 -0.41723
vn -0.75309 -0.49815 -0.42978
vn -0.63075 -0.64022 -0.43848
vn -0.46909 -0.76594 -0.43965
vn -0.28557 -0.85513 -0.43267
vn -0.10122 -0.90045 -0.42303
vn -0.00202 -0.90994 -0.41474
vn 0.09281 -0.90457 -0.41609
vn 0.27533 -0.85989 -0.42986
vn 0.45901 -0.77295 -0.43801
vn 0.62236 -0.64883 -0.43781
vn 0.74702 -0.50716 -0.42983
vn 0.83079 -0.36781 -0.41773
vn 0.88140 -0.24276 -0.40522
vn 0.90858 -0.13662 -0.39473
vn 0.92052 -0.04665 -0.38790
vn 0.90537 0.20478 -0.37198
vn -0.87243 0.28101 -0.39987
vn -0.90989 -0.03843 -0.41307
vn -0.89816 -0.11997 -0.42298
vn -0.87299 -0.21718 -0.43671
vn -0.82645 -0.33274 -0.45416
vn -0.74910 -0.46359 -0.47322
vn -0.63218 -0.60021 -0.49000
vn -0.47488 -0.72458 -0.49947
vn -0.29231 -0.81589 -0.49888
vn -0.10532 -0.86404 -0.49228
vn -0.00305 -0.87472 -0.48462
vn 0.09286 -0.86911 -0.48583
vn 0.27729 -0.82256 -0.49649
vn 0.46039 -0.73445 -0.49862
vn 0.62037 -0.61208 -0.49041
vn 0.74066 -0.47577 -0.47441
vn 0.82099 -0.34401 -0.45566
vn 0.86971 -0.22697 -0.43828
vn 0.89630 -0.12804 -0.42457
vn 0.90838 -0.04422 -0.41581
vn 0.88604 0.24135 -0.39584
vn -0.82839 0.38357 -0.40823
vn -0.89799 -0.03355 -0.43874
vn -0.88692 -0.10722 -0.44931
vn -0.86356 -0.19555 -0.46478
vn -0.82068 -0.30146 -0.48538
vn -0.74913 -0.42332 -0.50952
vn -0.63921 -0.55397 -0.53341
vn -0.48724 -0.67744 -0.55106
vn -0.30503 -0.77220 -0.55738
vn -0.11307 -0.82464 -0.55424
vn -0.00502 -0.83695 -0.54726
vn 0.09255 -0.83108 -0.54840
vn 0.28073 -0.78247 -0.55581
vn 0.46439 -0.69267 -0.55186
vn 0.62105 -0.57187 -0.53597
vn 0.73636 -0.44126 -0.51289
vn 0.81246 -0.31781 -0.48878
vn 0.85862 -0.20963 -0.46779
vn 0.88416 -0.11879 -0.45184
vn 0.89616 -0.04187 -0.44176
vn 0.85767 0.30607 -0.41318
vn -0.78228 0.46829 -0.41077
vn -0.88686 -0.02497 -0.46137
vn -0.87832 -0.08570 -0.47033
vn -0.86005 -0.15997 -0.48448
vn -0.82597 -0.25102 -0.50474
vn -0.76735 -0.35974 -0.53081
vn -0.67256 -0.48335 -0.56039
vn -0.53145 -0.61019 -0.58756
vn -0.34730 -0.71740 -0.60392
vn -0.13902 -0.78303 -0.60625
vn -0.01083 -0.79973 -0.60026
vn 0.09292 -0.79321 -0.60182
vn 0.29551 -0.73898 -0.60546
vn 0.48561 -0.64139 -0.59397
vn 0.63822 -0.51795 -0.56956
vn 0.74419 -0.39272 -0.54033
vn 0.81131 -0.28010 -0.51314
vn 0.85128 -0.18459 -0.49117
vn 0.87349 -0.10579 -0.47520
vn 0.88434 -0.03937 -0.46518
vn 0.84628 0.30569 -0.43631
vn -0.87959 -0.00000 -0.47573
vn -0.88002 -0.00885 -0.47486
vn -0.87746 -0.04432 -0.47761
vn -0.87061 -0.09105 -0.48347
vn -0.85632 -0.15124 -0.49380
vn -0.82882 -0.22881 -0.51059
vn -0.77735 -0.32903 -0.53616
vn -0.68295 -0.45521 -0.57128
vn -0.52056 -0.59767 -0.60976
vn -0.28629 -0.71812 -0.63430
vn -0.04418 -0.77140 -0.63482
vn 0.08771 -0.76664 -0.63606
vn 0.34575 -0.69394 -0.63159
vn 0.56283 -0.56529 -0.60305
vn 0.70560 -0.42712 -0.56542
vn 0.78770 -0.30885 -0.53305
vn 0.83296 -0.21530 -0.50973
vn 0.85762 -0.14233 -0.49420
vn 0.87079 -0.08499 -0.48426
vn 0.87750 -0.03815 -0.47806
vn 0.87987 -0.00987 -0.47511
vn 0.46536 0.06159 -0.88297
vn 0.32450 0.02576 -0.94554
vn 0.32860 0.06805 -0.94201
vn 0.30617 0.11261 -0.94529
vn 0.27211 0.15896 -0.94905
vn 0.22877 0.20434 -0.95179
vn 0.17859 0.24602 -0.95267
vn 0.12478 0.28164 -0.95137
vn 0.07146 0.31021 -0.94798
vn 0.02193 0.34474 -0.93844
vn -0.00428 0.31849 -0.94792
vn -0.03322 0.28322 -0.95848
vn -0.08733 0.28538 -0.95443
vn -0.14230 0.26170 -0.95460
vn -0.19673 0.22773 -0.95364
vn -0.24706 0.18697 -0.95079
vn -0.29061 0.14256 -0.94616
vn -0.32595 0.09755 -0.94034
vn -0.35334 0.05494 -0.93388
vn -0.38699 0.01658 -0.92194
vn -0.23281 0.06312 -0.97047
vn 0.97010 0.21167 -0.11873
vn 0.99088 0.06040 -0.12045
vn 0.97671 0.18070 -0.11574
vn 0.94112 0.32076 -0.10681
vn 0.87275 0.47924 -0.09292
vn 0.76259 0.64260 -0.07428
vn 0.61084 0.79000 -0.05269
vn 0.43229 0.90118 -0.03150
vn 0.25166 0.96771 -0.01433
vn 0.08494 0.99638 -0.00321
vn 0.00000 1.00000 -0.00040
vn -0.08551 0.99633 -0.00323
vn -0.25231 0.96754 -0.01437
vn -0.43311 0.90079 -0.03156
vn -0.61173 0.78930 -0.05277
vn -0.76342 0.64161 -0.07436
vn -0.87339 0.47806 -0.09299
vn -0.94152 0.31955 -0.10685
vn -0.97690 0.17960 -0.11576
vn -0.99092 0.05965 -0.12046
vn -0.97022 0.21111 -0.11875
vn 0.96992 0.21250 -0.11871
vn 0.99074 0.06265 -0.12044
vn 0.97549 0.18724 -0.11560
vn 0.93743 0.33151 -0.10639
vn 0.86517 0.49294 -0.09211
vn 0.75080 0.65646 -0.07313
vn 0.59673 0.80079 -0.05147
vn 0.41943 0.90727 -0.03056
vn 0.24309 0.96991 -0.01385
vn 0.08189 0.99664 -0.00309
vn -0.00000 1.00000 -0.00039
vn -0.08242 0.99659 -0.00311
vn -0.24370 0.96975 -0.01388
vn -0.42021 0.90691 -0.03062
vn -0.59760 0.80014 -0.05155
vn -0.75162 0.65552 -0.07321
vn -0.86582 0.49179 -0.09218
vn -0.93785 0.33032 -0.10643
vn -0.97569 0.18615 -0.11562
vn -0.99079 0.06190 -0.12044
vn -0.97004 0.21194 -0.11872
vn 0.96974 0.21333 -0.11869
vn 0.99060 0.06490 -0.12042
vn 0.97423 0.19377 -0.11545
vn 0.93366 0.34213 -0.10596
vn 0.85752 0.50628 -0.09130
vn 0.73914 0.66969 -0.07200
vn 0.58309 0.81085 -0.05030
vn 0.40724 0.91284 -0.02968
vn 0.23506 0.97189 -0.01339
vn 0.07905 0.99687 -0.00299
vn -0.00000 1.00000 -0.00037
vn -0.07954 0.99683 -0.00300
vn -0.23564 0.97175 -0.01342
vn -0.40798 0.91251 -0.02973
vn -0.58393 0.81024 -0.05037
vn -0.73995 0.66879 -0.07208
vn -0.85817 0.50516 -0.09137
vn -0.93408 0.34095 -0.10601
vn -0.97444 0.19268 -0.11547
vn -0.99065 0.06415 -0.12043
vn -0.96986 0.21278 -0.11870
vn 0.96956 0.21416 -0.11867
vn 0.99045 0.06715 -0.12040
vn 0.97293 0.20027 -0.11529
vn 0.92980 0.35263 -0.10552
vn 0.84981 0.51927 -0.09047
vn 0.72762 0.68231 -0.07088
vn 0.56991 0.82024 -0.04916
vn 0.39568 0.91794 -0.02883
vn 0.22754 0.97368 -0.01296
vn 0.07639 0.99707 -0.00289
vn -0.00000 1.00000 -0.00036
vn -0.07686 0.99704 -0.00290
vn -0.22808 0.97356 -0.01299
vn -0.39637 0.91763 -0.02888
vn -0.57072 0.81967 -0.04923
vn -0.72842 0.68145 -0.07095
vn -0.85046 0.51818 -0.09054
vn -0.93023 0.35146 -0.10557
vn -0.97315 0.19919 -0.11532
vn -0.99050 0.06640 -0.12041
vn -0.96968 0.21361 -0.11868
vn 0.96938 0.21499 -0.11864
vn 0.99030 0.06940 -0.12038
vn 0.97160 0.20674 -0.11514
vn 0.92585 0.36299 -0.10507
vn 0.84204 0.53191 -0.08965
vn 0.71625 0.69435 -0.06977
vn 0.55717 0.82901 -0.04806
vn 0.38469 0.92262 -0.02803
vn 0.22047 0.97531 -0.01256
vn 0.07392 0.99726 -0.00279
vn -0.00000 1.00000 -0.00035
vn -0.07435 0.99723 -0.00281
vn -0.22097 0.97520 -0.01259
vn -0.38535 0.92234 -0.02808
vn -0.55795 0.82848 -0.04813
vn -0.71704 0.69352 -0.06985
vn -0.84270 0.53085 -0.08972
vn -0.92630 0.36184 -0.10512
vn -0.97182 0.20566 -0.11516
vn -0.99035 0.06865 -0.12039
vn -0.96950 0.21444 -0.11866
vn 0.97538 0.21690 -0.03990
vn 0.99524 0.07145 -0.06624
vn 0.97520 0.21287 -0.06055
vn 0.92631 0.37272 -0.05511
vn 0.83810 0.54347 -0.04713
vn 0.70830 0.70495 -0.03690
vn 0.54751 0.83641 -0.02574
vn 0.37621 0.92641 -0.01540
vn 0.21503 0.97658 -0.00727
vn 0.07207 0.99740 -0.00187
vn -0.00000 1.00000 -0.00017
vn -0.07228 0.99738 -0.00086
vn -0.21527 0.97654 -0.00498
vn -0.37655 0.92632 -0.01203
vn -0.54794 0.83624 -0.02151
vn -0.70881 0.70467 -0.03212
vn -0.83862 0.54308 -0.04213
vn -0.92678 0.37225 -0.05004
vn -0.97563 0.21240 -0.05504
vn -0.99596 0.07112 -0.05478
vn -0.97314 0.21612 -0.07929
vn 0.97615 0.21708 -0.00000
vn 0.99742 0.07180 -0.00000
vn 0.97682 0.21407 -0.00000
vn 0.92714 0.37471 -0.00000
vn 0.83788 0.54585 -0.00000
vn 0.70711 0.70711 -0.00000
vn 0.54585 0.83788 -0.00000
vn 0.37471 0.92714 -0.00000
vn 0.21407 0.97682 -0.00000
vn 0.07180 0.99742 -0.00000
vn -0.00000 1.00000 -0.00000
vn -0.07180 0.99742 -0.00000
vn -0.21407 0.97682 -0.00000
vn -0.37471 0.92714 -0.00000
vn -0.54585 0.83788 -0.00000
vn -0.70711 0.70711 -0.00000
vn -0.83788 0.54585 -0.00000
vn -0.92714 0.37471 -0.00000
vn -0.97682 0.21407 -0.00000
vn -0.99742 0.07180 -0.00000
vn -0.97615 0.21708 -0.00000
vn 0.97615 0.21708 -0.00000
vn 0.99742 0.07180 -0.00000
vn 0.97682 0.21407 -0.00000
vn 0.92714 0.37471 -0.00000
vn 0.83788 0.54585 -0.00000
vn 0.70711 0.70711 -0.00000
vn 0.54585 0.83788 -0.00000
vn 0.37471 0.92714 -0.00000
vn 0.21407 0.97682 -0.00000
vn 0.07180 0.99742 -0.00000
vn -0.00000 1.00000 -0.00000
vn -0.07180 0.99742 -0.00000
vn -0.21407 0.97682 -0.00000
vn -0.37471 0.92714 -0.00000
vn -0.54585 0.83788 -0.00000
vn -0.70711 0.70711 -0.00000
vn -0.83788 0.54585 -0.00000
vn -0.92714 0.37471 -0.00000
vn -0.97682 0.21407 -0.00000
vn -0.99742 0.07180 -0.00000
vn -0.97615 0.21708 -0.00000
vn 0.97615 0.21708 -0.00000
vn 0.99742 0.07180 -0.00000
vn 0.97682 0.21407 -0.00000
vn 0.92714 0.37471 -0.00000
vn 0.83788 0.54585 -0.00000
vn 0.70711 0.70711 -0.00000
vn 0.54585 0.83788 -0.00000
vn 0.37471 0.92714 -0.00000
vn 0.21407 0.97682 -0.00000
vn 0.07180 0.99742 -0.00000
vn -0.00000 1.00000 -0.00000
vn -0.07180 0.99742 -0.00000
vn -0.21407 0.97682 -0.00000
vn -0.37471 0.92714 -0.00000
vn -0.54585 0.83788 -0.00000
vn -0.70711 0.70711 -0.00000
vn -0.83788 0.54585 -0.00000
vn -0.92714 0.37471 -0.00000
vn -0.97682 0.21407 -0.00000
vn -0.99742 0.07180 -0.00000
vn -0.97615 0.21708 -0.00000
vn 0.97615 0.21707 0.00141
vn 0.99742 0.07179 0.00097
vn 0.97682 0.21405 0.00097
vn 0.92716 0.37467 0.00089
vn 0.83791 0.54581 0.00074
vn 0.70714 0.70707 0.00057
vn 0.54589 0.83786 0.00038
vn 0.37474 0.92713 0.00021
vn 0.21409 0.97681 0.00009
vn 0.07180 0.99742 0.00002
vn 0.00000 1.00000 0.00000
vn -0.07180 0.99742 0.00003
vn -0.21409 0.97681 0.00013
vn -0.37473 0.92713 0.00027
vn -0.54588 0.83786 0.00045
vn -0.70714 0.70708 0.00065
vn -0.83790 0.54582 0.00083
vn -0.92715 0.37468 0.00098
vn -0.97682 0.21406 0.00107
vn -0.99742 0.07179 0.00117
vn -0.97615 0.21708 0.00071
vn 0.97560 0.21681 0.03468
vn 0.99714 0.07150 0.02461
vn 0.97667 0.21333 0.02462
vn 0.92732 0.37361 0.02237
vn 0.83849 0.54459 0.01883
vn 0.70808 0.70598 0.01436
vn 0.54695 0.83711 0.00963
vn 0.37565 0.92675 0.00540
vn 0.21468 0.97668 0.00225
vn 0.07204 0.99740 0.00040
vn -0.00000 1.00000 0.00008
vn -0.07195 0.99741 0.00081
vn -0.21457 0.97670 0.00319
vn -0.37551 0.92679 0.00678
vn -0.54677 0.83720 0.01136
vn -0.70789 0.70614 0.01633
vn -0.83831 0.54480 0.02089
vn -0.92717 0.37384 0.02446
vn -0.97656 0.21356 0.02688
vn -0.99700 0.07165 0.02933
vn -0.97599 0.21703 0.01847
vn 0.97261 0.21564 0.08674
vn 0.99460 0.07017 0.07643
vn 0.97493 0.20976 0.07426
vn 0.92730 0.36816 0.06763
vn 0.84083 0.53825 0.05737
vn 0.71252 0.70025 0.04427
vn 0.55223 0.83315 0.03017
vn 0.38024 0.92472 0.01734
vn 0.21765 0.97600 0.00758
vn 0.07313 0.99732 0.00157
vn 0.00000 1.00000 0.00022
vn -0.07286 0.99734 0.00203
vn -0.21732 0.97606 0.00861
vn -0.37981 0.92487 0.01886
vn -0.55169 0.83343 0.03207
vn -0.71194 0.70071 0.04642
vn -0.84028 0.53886 0.05962
vn -0.92686 0.36885 0.06991
vn -0.97459 0.21043 0.07674
vn -0.99416 0.07063 0.08159
vn -0.97389 0.21631 0.06897
vn 0.96749 0.21363 0.13541
vn 0.98954 0.06768 0.12740
vn 0.97144 0.20290 0.12300
vn 0.92713 0.35747 0.11241
vn 0.84529 0.52560 0.09600
vn 0.72127 0.68861 0.07476
vn 0.56284 0.82496 0.05147
vn 0.38960 0.92050 0.02991
vn 0.22372 0.97456 0.01326
vn 0.07533 0.99715 0.00286
vn -0.00000 1.00000 0.00038
vn -0.07485 0.99719 0.00326
vn -0.22316 0.97468 0.01417
vn -0.38886 0.92077 0.03124
vn -0.56194 0.82547 0.05311
vn -0.72031 0.68942 0.07660
vn -0.84442 0.52666 0.09791
vn -0.92645 0.35864 0.11434
vn -0.97094 0.20401 0.12511
vn -0.98890 0.06845 0.13184
vn -0.96928 0.21465 0.12009
vn 0.96097 0.21114 0.17877
vn 0.98293 0.06426 0.17238
vn 0.96689 0.19327 0.16662
vn 0.92700 0.34219 0.15353
vn 0.85159 0.50706 0.13299
vn 0.73387 0.67100 0.10579
vn 0.57857 0.81217 0.07513
vn 0.40380 0.91369 0.04600
vn 0.23305 0.97219 0.02306
vn 0.07871 0.99686 0.00870
vn 0.00001 0.99999 0.00474
vn -0.07797 0.99692 0.00826
vn -0.23219 0.97239 0.02351
vn -0.40269 0.91414 0.04686
vn -0.57727 0.81298 0.07627
vn -0.73256 0.67222 0.10711
vn -0.85045 0.50859 0.13441
vn -0.92614 0.34383 0.15504
vn -0.96628 0.19479 0.16838
vn -0.98216 0.06531 0.17633
vn -0.96320 0.21231 0.16485
vn 0.95309 0.20939 0.21858
vn 0.97496 0.06017 0.21407
vn 0.96084 0.18164 0.20926
vn 0.92548 0.32327 0.19744
vn 0.85727 0.48311 0.17802
vn 0.74748 0.64689 0.15101
vn 0.59707 0.79333 0.11886
vn 0.42151 0.90267 0.08666
vn 0.24517 0.96761 0.06020
vn 0.08322 0.99556 0.04410
vn 0.00010 0.99932 0.03700
vn -0.08198 0.99587 0.03911
vn -0.24370 0.96809 0.05843
vn -0.41976 0.90360 0.08547
vn -0.59524 0.79483 0.11801
vn -0.74583 0.64892 0.15049
vn -0.85600 0.48541 0.17787
vn -0.92462 0.32557 0.19772
vn -0.96026 0.18369 0.21015
vn -0.97414 0.06158 0.21739
vn -0.95588 0.20971 0.20571
vn 0.94364 0.21050 0.25540
vn 0.96583 0.05600 0.25304
vn 0.95301 0.16968 0.25096
vn 0.92124 0.30326 0.24363
vn 0.85941 0.45654 0.23018
vn 0.75761 0.61812 0.20966
vn 0.61340 0.76830 0.18289
vn 0.43869 0.88541 0.15360
vn 0.25765 0.95778 0.12760
vn 0.08807 0.98991 0.11098
vn 0.00031 0.99473 0.10253
vn -0.08601 0.99082 0.10428
vn -0.25514 0.95880 0.12495
vn -0.43590 0.88713 0.15163
vn -0.61072 0.77081 0.18134
vn -0.75540 0.62119 0.20855
vn -0.85784 0.45980 0.22957
vn -0.92024 0.30634 0.24355
vn -0.95237 0.17234 0.25158
vn -0.96493 0.05784 0.25605
vn -0.94717 0.20871 0.24353
vn 0.93256 0.21568 0.28949
vn 0.95578 0.05199 0.28944
vn 0.94377 0.15816 0.29033
vn 0.91465 0.28361 0.28805
vn 0.85801 0.42947 0.28172
vn 0.76341 0.58692 0.26969
vn 0.62574 0.73849 0.25118
vn 0.45327 0.86174 0.22793
vn 0.26897 0.94112 0.20479
vn 0.09270 0.97766 0.18866
vn 0.00061 0.98373 0.17968
vn -0.08955 0.97932 0.18140
vn -0.26510 0.94286 0.20183
vn -0.44915 0.86447 0.22571
vn -0.62200 0.74221 0.24949
vn -0.76050 0.59120 0.26853
vn -0.85604 0.43379 0.28111
vn -0.91344 0.28757 0.28798
vn -0.94301 0.16151 0.29093
vn -0.95479 0.05434 0.29227
vn -0.93694 0.21099 0.27861
vn 0.91966 0.22640 0.32088
vn 0.94501 0.04814 0.32346
vn 0.93348 0.14710 0.32709
vn 0.90632 0.26451 0.32958
vn 0.85383 0.40242 0.33020
vn 0.76548 0.55421 0.32694
vn 0.63425 0.70482 0.31774
vn 0.46501 0.83212 0.30224
vn 0.27885 0.91750 0.28362
vn 0.09701 0.95827 0.26889
vn 0.00099 0.96567 0.25977
vn -0.09240 0.96078 0.26148
vn -0.27320 0.92014 0.28055
vn -0.45922 0.83613 0.30002
vn -0.62922 0.71002 0.31617
vn -0.76172 0.55992 0.32599
vn -0.85134 0.40797 0.32980
vn -0.90481 0.26948 0.32968
vn -0.93257 0.15125 0.32777
vn -0.94393 0.05107 0.32617
vn -0.92511 0.21774 0.31107
vn 0.90431 0.24532 0.34934
vn 0.93371 0.04433 0.35528
vn 0.92246 0.13624 0.36125
vn 0.89681 0.24565 0.36796
vn 0.84774 0.37520 0.37490
vn 0.76491 0.52013 0.37998
vn 0.63989 0.66780 0.38024
vn 0.47456 0.79711 0.37338
vn 0.28767 0.88731 0.36046
vn 0.10118 0.93205 0.34791
vn 0.00151 0.94079 0.33898
vn -0.09457 0.93543 0.34062
vn -0.27961 0.89109 0.35746
vn -0.46654 0.80275 0.37138
vn -0.63316 0.67484 0.37906
vn -0.76002 0.52761 0.37948
vn -0.84456 0.38229 0.37492
vn -0.89490 0.25189 0.36839
vn -0.92134 0.14141 0.36213
vn -0.93251 0.04800 0.35794
vn -0.91136 0.23071 0.34087
vn 0.88482 0.27783 0.37403
vn 0.92203 0.04036 0.38500
vn 0.91107 0.12509 0.39282
vn 0.88679 0.22629 0.40298
vn 0.84090 0.34700 0.41530
vn 0.76331 0.48407 0.42781
vn 0.64458 0.62727 0.43709
vn 0.48370 0.75708 0.43916
vn 0.29672 0.85129 0.43273
vn 0.10585 0.89994 0.42297
vn 0.00228 0.91006 0.41446
vn -0.09620 0.90425 0.41603
vn -0.28510 0.85664 0.42998
vn -0.47245 0.76500 0.43769
vn -0.63540 0.63686 0.43667
vn -0.75678 0.49396 0.42812
vn -0.83670 0.35618 0.41602
vn -0.88428 0.23427 0.40394
vn -0.90962 0.13166 0.39403
vn -0.92069 0.04505 0.38767
vn -0.89485 0.25323 0.36759
vn 0.85615 0.33637 0.39225
vn 0.91020 0.03579 0.41263
vn 0.89978 0.11256 0.42158
vn 0.87727 0.20471 0.43414
vn 0.83511 0.31560 0.45053
vn 0.76354 0.44368 0.46920
vn 0.65207 0.58132 0.48669
vn 0.49651 0.71115 0.49774
vn 0.30937 0.80982 0.49848
vn 0.11271 0.86323 0.49207
vn 0.00356 0.87499 0.48413
vn -0.09776 0.86869 0.48562
vn -0.29169 0.81770 0.49627
vn -0.47989 0.72275 0.49733
vn -0.63892 0.59496 0.48765
vn -0.75437 0.45735 0.47091
vn -0.82926 0.32804 0.45246
vn -0.87378 0.21541 0.43601
vn -0.89780 0.12134 0.42336
vn -0.90865 0.04206 0.41543
vn -0.87320 0.29227 0.39000
vn 0.79874 0.45534 0.39328
vn 0.89854 0.02942 0.43790
vn 0.88959 0.09560 0.44664
vn 0.87047 0.17591 0.45972
vn 0.83455 0.27407 0.47792
vn 0.77255 0.39059 0.50061
vn 0.67250 0.52151 0.52514
vn 0.52518 0.65298 0.54571
vn 0.33662 0.76046 0.55533
vn 0.12786 0.82302 0.55343
vn 0.00636 0.83767 0.54614
vn -0.10072 0.83056 0.54775
vn -0.30570 0.77396 0.55456
vn -0.49748 0.67251 0.54795
vn -0.65159 0.54341 0.52928
vn -0.75842 0.41166 0.50531
vn -0.82565 0.29274 0.48229
vn -0.86516 0.19175 0.46339
vn -0.88663 0.10852 0.44957
vn -0.89665 0.03863 0.44106
vn -0.83888 0.36486 0.40394
vn 0.60248 0.75861 0.24806
vn 0.91214 0.02014 0.40938
vn 0.90697 0.07153 0.41508
vn 0.89336 0.13530 0.42850
vn 0.86713 0.21519 0.44919
vn 0.82015 0.31426 0.47811
vn 0.73916 0.43397 0.51508
vn 0.60696 0.56808 0.55577
vn 0.41443 0.69384 0.58892
vn 0.17467 0.77815 0.60330
vn 0.01642 0.80097 0.59848
vn -0.10676 0.79428 0.59810
vn -0.34388 0.72890 0.59199
vn -0.55210 0.61396 0.56413
vn -0.70360 0.47953 0.52440
vn -0.79928 0.35395 0.48566
vn -0.85566 0.24805 0.45422
vn -0.88768 0.16199 0.43103
vn -0.90509 0.09279 0.41498
vn -0.91484 0.03529 0.40227
vn -0.77097 0.53013 0.35295
vn 0.07237 0.99710 0.02335
vn 0.95171 0.00905 0.30687
vn 0.94834 0.04652 0.31381
vn 0.93983 0.09578 0.32794
vn 0.92283 0.15880 0.35095
vn 0.89126 0.23920 0.38527
vn 0.83379 0.34168 0.43364
vn 0.73086 0.46823 0.49660
vn 0.55786 0.60730 0.56566
vn 0.31361 0.72135 0.61749
vn 0.05928 0.77147 0.63349
vn -0.07394 0.77021 0.63349
vn -0.33428 0.71408 0.61510
vn -0.57319 0.59683 0.56146
vn -0.73937 0.45873 0.49284
vn -0.83786 0.33470 0.43124
vn -0.89304 0.23448 0.38405
vn -0.92355 0.15566 0.35046
vn -0.94010 0.09362 0.32780
vn -0.94850 0.04420 0.31367
vn -0.75095 0.61434 0.24220
vn -0.00000 -0.00000 1.00000
vn -0.00000 -0.03200 -0.99949
vn 0.03281 0.98942 0.14135
vn 0.03187 0.96104 -0.27458
vn 0.01654 -0.99732 0.07124
vn 0.06552 -0.98782 -0.14112
vn -0.06552 0.98782 0.14112
vn -0.01654 0.99732 -0.07124
vn -0.03187 -0.96104 0.27458
vn -0.03281 -0.98942 -0.14135
vn 0.02788 0.98956 0.14137
vn 0.02708 0.96117 -0.27462
vn 0.01405 -0.99736 0.07124
vn 0.05569 -0.98841 -0.14120
vn -0.05569 0.98841 0.14120
vn -0.01405 0.99736 -0.07124
vn -0.02708 -0.96117 0.27462
vn -0.02788 -0.98956 -0.14137
usemtl hull
f 1//1 23//23 2//2
f 1//1 22//22 23//23
f 2//2 24//24 3//3
f 2//2 23//23 24//24
f 3//3 25//25 4//4
f 3//3 24//24 25//25
f 4//4 26//26 5//5
f 4//4 25//25 26//26
f 5//5 27//27 6//6
f 5//5 26//26 27//27
f 6//6 28//28 7//7
f 6//6 27//27 28//28
f 7//7 29//29 8//8
f 7//7 28//28 29//29
f 8//8 30//30 9//9
f 8//8 29//29 30//30
f 9//9 31//31 10//10
f 9//9 30//30 31//31
f 10//10 32//32 11//11
f 10//10 31//31 32//32
f 11//11 33//33 12//12
f 11//11 32//32 33//33
f 12//12 34//34 13//13
f 12//12 33//33 34//34
f 13//13 35//35 14//14
f 13//13 34//34 35//35
f 14//14 36//36 15//15
f 14//14 35//35 36//36
f 15//15 37//37 16//16
f 15//15 36//36 37//37
f 16//16 38//38 17//17
f 16//16 37//37 38//38
f 17//17 39//39 18//18
f 17//17 38//38 39//39
f 18//18 40//40 19//19
f 18//18 39//39 40//40
f 19//19 41//41 20//20
f 19//19 40//40 41//41
f 20//20 42//42 21//21
f 20//20 41//41 42//42
f 22//22 44//44 23//23
f 22//22 43//43 44//44
f 23//23 45//45 24//24
f 23//23 44//44 45//45
f 24//24 46//46 25//25
f 24//24 45//45 46//46
f 25//25 47//47 26//26
f 25//25 46//46 47//47
f 26//26 48//48 27//27
f 26//26 47//47 48//48
f 27//27 49//49 28//28
f 27//27 48//48 49//49
f 28//28 50//50 29//29
f 28//28 49//49 50//50
f 29//29 51//51 30//30
f 29//29 50//50 51//51
f 30//30 52//52 31//31
f 30//30 51//51 52//52
f 31//31 53//53 32//32
f 31//31 52//52 53//53
f 32//32 54//54 33//33
f 32//32 53//53 54//54
f 33//33 55//55 34//34
f 33//33 54//54 55//55
f 34//34 56//56 35//35
f 34//34 55//55 56//56
f 35//35 57//57 36//36
f 35//35 56//56 57//57
f 36//36 58//58 37//37
f 36//36 57//57 58//58
f 37//37 59//59 38//38
f 37//37 58//58 59//59
f 38//38 60//60 39//39
f 38//38 59//59 60//60
f 39//39 61//61 40//40
f 39//39 60//60 61//61
f 40//40 62//62 41//41
f 40//40 61//61 62//62
f 41//41 63//63 42//42
f 41//41 62//62 63//63
f 43//43 65//65 44//44
f 43//43 64//64 65//65
f 44//44 66//66 45//45
f 44//44 65//65 66//66
f 45//45 67//67 46//46
f 45//45 66//66 67//67
f 46//46 68//68 47//47
f 46//46 67//67 68//68
f 47//47 69//69 48//48
f 47//47 68//68 69//69
f 48//48 70//70 49//49
f 48//48 69//69 70//70
f 49//49 71//71 50//50
f 49//49 70//70 71//71
f 50//50 72//72 51//51
f 50//50 71//71 72//72
f 51//51 73//73 52//52
f 51//51 72//72 73//73
f 52//52 74//74 53//53
f 52//52 73//73 74//74
f 53//53 75//75 54//54
f 53//53 74//74 75//75
f 54//54 76//76 55//55
f 54//54 75//75 76//76
f 55//55 77//77 56//56
f 55//55 76//76 77//77
f 56//56 78//78 57//57
f 56//56 77//77 78//78
f 57//57 79//79 58//58
f 57//57 78//78 79//79
f 58//58 80//80 59//59
f 58//58 79//79 80//80
f 59//59 81//81 60//60
f 59//59 80//80 81//81
f 60//60 82//82 61//61
f 60//60 81//81 82//82
f 61//61 83//83 62//62
f 61//61 82//82 83//83
f 62//62 84//84 63//63
f 62//62 83//83 84//84
f 64//64 86//86 65//65
f 64//64 85//85 86//86
f 65//65 87//87 66//66
f 65//65 86//86 87//87
f 66//66 88//88 67//67
f 66//66 87//87 88//88
f 67//67 89//89 68//68
f 67//67 88//88 89//89
f 68//68 90//90 69//69
f 68//68 89//89 90//90
f 69//69 91//91 70//70
f 69//69 90//90 91//91
f 70//70 92//92 71//71
f 70//70 91//91 92//92
f 71//71 93//93 72//72
f 71//71 92//92 93//93
f 72//72 94//94 73//73
f 72//72 93//93 94//94
f 73//73 95//95 74//74
f 73//73 94//94 95//95
f 74//74 96//96 75//75
f 74//74 95//95 96//96
f 75//75 97//97 76//76
f 75//75 96//96 97//97
f 76//76 98//98 77//77
f 76//76 97//97 98//98
f 77//77 99//99 78//78
f 77//77 98//98 99//99
f 78//78 100//100 79//79
f 78//78 99//99 100//100
f 79//79 101//101 80//80
f 79//79 100//100 101//101
f 80//80 102//102 81//81
f 80//80 101//101 102//102
f 81//81 103//103 82//82
f 81//81 102//102 103//103
f 82//82 104//104 83//83
f 82//82 103//103 104//104
f 83//83 105//105 84//84
f 83//83 104//104 105//105
f 85//85 107//107 86//86
f 85//85 106//106 107//107
f 86//86 108//108 87//87
f 86//86 107//107 108//108
f 87//87 109//109 88//88
f 87//87 108//108 109//109
f 88//88 110//110 89//89
f 88//88 109//109 110//110
f 89//89 111//111 90//90
f 89//89 110//110 111//111
f 90//90 112//112 91//91
f 90//90 111//111 112//112
f 91//91 113//113 92//92
f 91//91 112//112 113//113
f 92//92 114//114 93//93
f 92//92 113//113 114//114
f 93//93 115//115 94//94
f 93//93 114//114 115//115
f 94//94 116//116 95//95
f 94//94 115//115 116//116
f 95//95 117//117 96//96
f 95//95 116//116 117//117
f 96//96 118//118 97//97
f 96//96 117//117 118//118
f 97//97 119//119 98//98
f 97//97 118//118 119//119
f 98//98 120//120 99//99
f 98//98 119//119 120//120
f 99//99 121//121 100//100
f 99//99 120//120 121//121
f 100//100 122//122 101//101
f 100//100 121//121 122//122
f 101//101 123//123 102//102
f 101//101 122//122 123//123
f 102//102 124//124 103//103
f 102//102 123//123 124//124
f 103//103 125//125 104//104
f 103//103 124//124 125//125
f 104//104 126//126 105//105
f 104//104 125//125 126//126
f 106//106 128//128 107//107
f 106//106 127//127 128//128
f 107//107 129//129 108//108
f 107//107 128//128 129//129
f 108//108 130//130 109//109
f 108//108 129//129 130//130
f 109//109 131//131 110//110
f 109//109 130//130 131//131
f 110//110 132//132 111//111
f 110//110 131//131 132//132
f 111//111 133//133 112//112
f 111//111 132//132 133//133
f 112//112 134//134 113//113
f 112//112 133//133 134//134
f 113//113 135//135 114//114
f 113//113 134//134 135//135
f 114//114 136//136 115//115
f 114//114 135//135 136//136
f 115//115 137//137 116//116
f 115//115 136//136 137//137
f 116//116 138//138 117//117
f 116//116 137//137 138//138
f 117//117 139//139 118//118
f 117//117 138//138 139//139
f 118//118 140//140 119//119
f 118//118 139//139 140//140
f 119//119 141//141 120//120
f 119//119 140//140 141//141
f 120//120 142//142 121//121
f 120//120 141//141 142//142
f 121//121 143//143 122//122
f 121//121 142//142 143//143
f 122//122 144//144 123//123
f 122//122 143//143 144//144
f 123//123 145//145 124//124
f 123//123 144//144 145//145
f 124//124 146//146 125//125
f 124//124 145//145 146//146
f 125//125 147//147 126//126
f 125//125 146//146 147//147
f 127//127 149//149 128//128
f 127//127 148//148 149//149
f 128//128 150//150 129//129
f 128//128 149//149 150//150
f 129//129 151//151 130//130
f 129//129 150//150 151//151
f 130//130 152//152 131//131
f 130//130 151//151 152//152
f 131//131 153//153 132//132
f 131//131 152//152 153//153
f 132//132 154//154 133//133
f 132//132 153//153 154//154
f 133//133 155//155 134//134
f 133//133 154//154 155//155
f 134//134 156//156 135//135
f 134//134 155//155 156//156
f 135//135 157//157 136//136
f 135//135 156//156 157//157
f 136//136 158//158 137//137
f 136//136 157//157 158//158
f 137//137 159//159 138//138
f 137//137 158//158 159//159
f 138//138 160//160 139//139
f 138//138 159//159 160//160
f 139//139 161//161 140//140
f 139//139 160//160 161//161
f 140//140 162//162 141//141
f 140//140 161//161 162//162
f 141//141 163//163 142//142
f 141//141 162//162 163//163
f 142//142 164//164 143//143
f 142//142 163//163 164//164
f 143//143 165//165 144//144
f 143//143 164//164 165//165
f 144//144 166//166 145//145
f 144//144 165//165 166//166
f 145//145 167//167 146//146
f 145//145 166//166 167//167
f 146//146 168//168 147//147
f 146//146 167//167 168//168
f 148//148 170//170 149//149
f 148//148 169//169 170//170
f 149//149 171//171 150//150
f 149//149 170//170 171//171
f 150//150 172//172 151//151
f 150//150 171//171 172//172
f 151//151 173//173 152//152
f 151//151 172//172 173//173
f 152//152 174//174 153//153
f 152//152 173//173 174//174
f 153//153 175//175 154//154
f 153//153 174//174 175//175
f 154//154 176//176 155//155
f 154//154 175//175 176//176
f 155//155 177//177 156//156
f 155//155 176//176 177//177
f 156//156 178//178 157//157
f 156//156 177//177 178//178
f 157//157 179//179 158//158
f 157//157 178//178 179//179
f 158//158 180//180 159//159
f 158//158 179//179 180//180
f 159//159 181//181 160//160
f 159//159 180//180 181//181
f 160//160 182//182 161//161
f 160//160 181//181 182//182
f 161//161 183//183 162//162
f 161//161 182//182 183//183
f 162//162 184//184 163//163
f 162//162 183//183 184//184
f 163//163 185//185 164//164
f 163//163 184//184 185//185
f 164//164 186//186 165//165
f 164//164 185//185 186//186
f 165//165 187//187 166//166
f 165//165 186//186 187//187
f 166//166 188//188 167//167
f 166//166 187//187 188//188
f 167//167 189//189 168//168
f 167//167 188//188 189//189
f 169//169 191//191 170//170
f 169//169 190//190 191//191
f 170//170 192//192 171//171
f 170//170 191//191 192//192
f 171//171 193//193 172//172
f 171//171 192//192 193//193
f 172//172 194//194 173//173
f 172//172 193//193 194//194
f 173//173 195//195 174//174
f 173//173 194//194 195//195
f 174//174 196//196 175//175
f 174//174 195//195 196//196
f 175//175 197//197 176//176
f 175//175 196//196 197//197
f 176//176 198//198 177//177
f 176//176 197//197 198//198
f 177//177 199//199 178//178
f 177//177 198//198 199//199
f 178//178 200//200 179//179
f 178//178 199//199 200//200
f 179//179 201//201 180//180
f 179//179 200//200 201//201
f 180//180 202//202 181//181
f 180//180 201//201 202//202
f 181//181 203//203 182//182
f 181//181 202//202 203//203
f 182//182 204//204 183//183
f 182//182 203//203 204//204
f 183//183 205//205 184//184
f 183//183 204//204 205//205
f 184//184 206//206 185//185
f 184//184 205//205 206//206
f 185//185 207//207 186//186
f 185//185 206//206 207//207
f 186//186 208//208 187//187
f 186//186 207//207 208//208
f 187//187 209//209 188//188
f 187//187 208//208 209//209
f 188//188 210//210 189//189
f 188//188 209//209 210//210
f 190//190 212//212 191//191
f 190//190 211//211 212//212
f 191//191 213//213 192//192
f 191//191 212//212 213//213
f 192//192 214//214 193//193
f 192//192 213//213 214//214
f 193//193 215//215 194//194
f 193//193 214//214 215//215
f 194//194 216//216 195//195
f 194//194 215//215 216//216
f 195//195 217//217 196//196
f 195//195 216//216 217//217
f 196//196 218//218 197//197
f 196//196 217//217 218//218
f 197//197 219//219 198//198
f 197//197 218//218 219//219
f 198//198 220//220 199//199
f 198//198 219//219 220//220
f 199//199 221//221 200//200
f 199//199 220//220 221//221
f 200//200 222//222 201//201
f 200//200 221//221 222//222
f 201//201 223//223 202//202
f 201//201 222//222 223//223
f 202//202 224//224 203//203
f 202//202 223//223 224//224
f 203//203 225//225 204//204
f 203//203 224//224 225//225
f 204//204 226//226 205//205
f 204//204 225//225 226//226
f 205//205 227//227 206//206
f 205//205 226//226 227//227
f 206//206 228//228 207//207
f 206//206 227//227 228//228
f 207//207 229//229 208//208
f 207//207 228//228 229//229
f 208//208 230//230 209//209
f 208//208 229//229 230//230
f 209//209 231//231 210//210
f 209//209 230//230 231//231
f 211//211 233//233 212//212
f 211//211 232//232 233//233
f 212//212 234//234 213//213
f 212//212 233//233 234//234
f 213//213 235//235 214//214
f 213//213 234//234 235//235
f 214//214 236//236 215//215
f 214//214 235//235 236//236
f 215//215 237//237 216//216
f 215//215 236//236 237//237
f 216//216 238//238 217//217
f 216//216 237//237 238//238
f 217//217 239//239 218//218
f 217//217 238//238 239//239
f 218//218 240//240 219//219
f 218//218 239//239 240//240
f 219//219 241//241 220//220
f 219//219 240//240 241//241
f 220//220 242//242 221//221
f 220//220 241//241 242//242
f 221//221 243//243 222//222
f 221//221 242//242 243//243
f 222//222 244//244 223//223
f 222//222 243//243 244//244
f 223//223 245//245 224//224
f 223//223 244//244 245//245
f 224//224 246//246 225//225
f 224//224 245//245 246//246
f 225//225 247//247 226//226
f 225//225 246//246 247//247
f 226//226 248//248 227//227
f 226//226 247//247 248//248
f 227//227 249//249 228//228
f 227//227 248//248 249//249
f 228//228 250//250 229//229
f 228//228 249//249 250//250
f 229//229 251//251 230//230
f 229//229 250//250 251//251
f 230//230 252//252 231//231
f 230//230 251//251 252//252
f 232//232 254//254 233//233
f 232//232 253//253 254//254
f 233//233 255//255 234//234
f 233//233 254//254 255//255
f 234//234 256//256 235//235
f 234//234 255//255 256//256
f 235//235 257//257 236//236
f 235//235 256//256 257//257
f 236//236 258//258 237//237
f 236//236 257//257 258//258
f 237//237 259//259 238//238
f 237//237 258//258 259//259
f 238//238 260//260 239//239
f 238//238 259//259 260//260
f 239//239 261//261 240//240
f 239//239 260//260 261//261
f 240//240 262//262 241//241
f 240//240 261//261 262//262
f 241//241 263//263 242//242
f 241//241 262//262 263//263
f 242//242 264//264 243//243
f 242//242 263//263 264//264
f 243//243 265//265 244//244
f 243//243 264//264 265//265
f 244//244 266//266 245//245
f 244//244 265//265 266//266
f 245//245 267//267 246//246
f 245//245 266//266 267//267
f 246//246 268//268 247//247
f 246//246 267//267 268//268
f 247//247 269//269 248//248
f 247//247 268//268 269//269
f 248//248 270//270 249//249
f 248//248 269//269 270//270
f 249//249 271//271 250//250
f 249//249 270//270 271//271
f 250//250 272//272 251//251
f 250//250 271//271 272//272
f 251//251 273//273 252//252
f 251//251 272//272 273//273
f 253//253 275//275 254//254
f 253//253 274//274 275//275
f 254//254 276//276 255//255
f 254//254 275//275 276//276
f 255//255 277//277 256//256
f 255//255 276//276 277//277
f 256//256 278//278 257//257
f 256//256 277//277 278//278
f 257//257 279//279 258//258
f 257//257 278//278 279//279
f 258//258 280//280 259//259
f 258//258 279//279 280//280
f 259//259 281//281 260//260
f 259//259 280//280 281//281
f 260//260 282//282 261//261
f 260//260 281//281 282//282
f 261//261 283//283 262//262
f 261//261 282//282 283//283
f 262//262 284//284 263//263
f 262//262 283//283 284//284
f 263//263 285//285 264//264
f 263//263 284//284 285//285
f 264//264 286//286 265//265
f 264//264 285//285 286//286
f 265//265 287//287 266//266
f 265//265 286//286 287//287
f 266//266 288//288 267//267
f 266//266 287//287 288//288
f 267//267 289//289 268//268
f 267//267 288//288 289//289
f 268//268 290//290 269//269
f 268//268 289//289 290//290
f 269//269 291//291 270//270
f 269//269 290//290 291//291
f 270//270 292//292 271//271
f 270//270 291//291 292//292
f 271//271 293//293 272//272
f 271//271 292//292 293//293
f 272//272 294//294 273//273
f 272//272 293//293 294//294
f 274//274 296//296 275//275
f 274//274 295//295 296//296
f 275//275 297//297 276//276
f 275//275 296//296 297//297
f 276//276 298//298 277//277
f 276//276 297//297 298//298
f 277//277 299//299 278//278
f 277//277 298//298 299//299
f 278//278 300//300 279//279
f 278//278 299//299 300//300
f 279//279 301//301 280//280
f 279//279 300//300 301//301
f 280//280 302//302 281//281
f 280//280 301//301 302//302
f 281//281 303//303 282//282
f 281//281 302//302 303//303
f 282//282 304//304 283//283
f 282//282 303//303 304//304
f 283//283 305//305 284//284
f 283//283 304//304 305//305
f 284//284 306//306 285//285
f 284//284 305//305 306//306
f 285//285 307//307 286//286
f 285//285 306//306 307//307
f 286//286 308//308 287//287
f 286//286 307//307 308//308
f 287//287 309//309 288//288
f 287//287 308//308 309//309
f 288//288 310//310 289//289
f 288//288 309//309 310//310
f 289//289 311//311 290//290
f 289//289 310//310 311//311
f 290//290 312//312 291//291
f 290//290 311//311 312//312
f 291//291 313//313 292//292
f 291//291 312//312 313//313
f 292//292 314//314 293//293
f 292//292 313//313 314//314
f 293//293 315//315 294//294
f 293//293 314//314 315//315
f 295//295 317//317 296//296
f 295//295 316//316 317//317
f 296//296 318//318 297//297
f 296//296 317//317 318//318
f 297//297 319//319 298//298
f 297//297 318//318 319//319
f 298//298 320//320 299//299
f 298//298 319//319 320//320
f 299//299 321//321 300//300
f 299//299 320//320 321//321
f 300//300 322//322 301//301
f 300//300 321//321 322//322
f 301//301 323//323 302//302
f 301//301 322//322 323//323
f 302//302 324//324 303//303
f 302//302 323//323 324//324
f 303//303 325//325 304//304
f 303//303 324//324 325//325
f 304//304 326//326 305//305
f 304//304 325//325 326//326
f 305//305 327//327 306//306
f 305//305 326//326 327//327
f 306//306 328//328 307//307
f 306//306 327//327 328//328
f 307//307 329//329 308//308
f 307//307 328//328 329//329
f 308//308 330//330 309//309
f 308//308 329//329 330//330
f 309//309 331//331 310//310
f 309//309 330//330 331//331
f 310//310 332//332 311//311
f 310//310 331//331 332//332
f 311//311 333//333 312//312
f 311//311 332//332 333//333
f 312//312 334//334 313//313
f 312//312 333//333 334//334
f 313//313 335//335 314//314
f 313//313 334//334 335//335
f 314//314 336//336 315//315
f 314//314 335//335 336//336
f 316//316 338//338 317//317
f 316//316 337//337 338//338
f 317//317 339//339 318//318
f 317//317 338//338 339//339
f 318//318 340//340 319//319
f 318//318 339//339 340//340
f 319//319 341//341 320//320
f 319//319 340//340 341//341
f 320//320 342//342 321//321
f 320//320 341//341 342//342
f 321//321 343//343 322//322
f 321//321 342//342 343//343
f 322//322 344//344 323//323
f 322//322 343//343 344//344
f 323//323 345//345 324//324
f 323//323 344//344 345//345
f 324//324 346//346 325//325
f 324//324 345//345 346//346
f 325//325 347//347 326//326
f 325//325 346//346 347//347
f 326//326 348//348 327//327
f 326//326 347//347 348//348
f 327//327 349//349 328//328
f 327//327 348//348 349//349
f 328//328 350//350 329//329
f 328//328 349//349 350//350
f 329//329 351//351 330//330
f 329//329 350//350 351//351
f 330//330 352//352 331//331
f 330//330 351//351 352//352
f 331//331 353//353 332//332
f 331//331 352//352 353//353
f 332//332 354//354 333//333
f 332//332 353//353 354//354
f 333//333 355//355 334//334
f 333//333 354//354 355//355
f 334//334 356//356 335//335
f 334//334 355//355 356//356
f 335//335 357//357 336//336
f 335//335 356//356 357//357
f 337//337 359//359 338//338
f 337//337 358//358 359//359
f 338//338 360//360 339//339
f 338//338 359//359 360//360
f 339//339 361//361 340//340
f 339//339 360//360 361//361
f 340//340 362//362 341//341
f 340//340 361//361 362//362
f 341//341 363//363 342//342
f 341//341 362//362 363//363
f 342//342 364//364 343//343
f 342//342 363//363 364//364
f 343//343 365//365 344//344
f 343//343 364//364 365//365
f 344//344 366//366 345//345
f 344//344 365//365 366//366
f 345//345 367//367 346//346
f 345//345 366//366 367//367
f 346//346 368//368 347//347
f 346//346 367//367 368//368
f 347//347 369//369 348//348
f 347//347 368//368 369//369
f 348//348 370//370 349//349
f 348//348 369//369 370//370
f 349//349 371//371 350//350
f 349//349 370//370 371//371
f 350//350 372//372 351//351
f 350//350 371//371 372//372
f 351//351 373//373 352//352
f 351//351 372//372 373//373
f 352//352 374//374 353//353
f 352//352 373//373 374//374
f 353//353 375//375 354//354
f 353//353 374//374 375//375
f 354//354 376//376 355//355
f 354//354 375//375 376//376
f 355//355 377//377 356//356
f 355//355 376//376 377//377
f 356//356 378//378 357//357
f 356//356 377//377 378//378
f 358//358 380//380 359//359
f 358//358 379//379 380//380
f 359//359 381//381 360//360
f 359//359 380//380 381//381
f 360//360 382//382 361//361
f 360//360 381//381 382//382
f 361//361 383//383 362//362
f 361//361 382//382 383//383
f 362//362 384//384 363//363
f 362//362 383//383 384//384
f 363//363 385//385 364//364
f 363//363 384//384 385//385
f 364//364 386//386 365//365
f 364//364 385//385 386//386
f 365//365 387//387 366//366
f 365//365 386//386 387//387
f 366//366 388//388 367//367
f 366//366 387//387 388//388
f 367//367 389//389 368//368
f 367//367 388//388 389//389
f 368//368 390//390 369//369
f 368//368 389//389 390//390
f 369//369 391//391 370//370
f 369//369 390//390 391//391
f 370//370 392//392 371//371
f 370//370 391//391 392//392
f 371//371 393//393 372//372
f 371//371 392//392 393//393
f 372//372 394//394 373//373
f 372//372 393//393 394//394
f 373//373 395//395 374//374
f 373//373 394//394 395//395
f 374//374 396//396 375//375
f 374//374 395//395 396//396
f 375//375 397//397 376//376
f 375//375 396//396 397//397
f 376//376 398//398 377//377
f 376//376 397//397 398//398
f 377//377 399//399 378//378
f 377//377 398//398 399//399
f 379//379 401//401 380//380
f 379//379 400//400 401//401
f 380//380 402//402 381//381
f 380//380 401//401 402//402
f 381//381 403//403 382//382
f 381//381 402//402 403//403
f 382//382 404//404 383//383
f 382//382 403//403 404//404
f 383//383 405//405 384//384
f 383//383 404//404 405//405
f 384//384 406//406 385//385
f 384//384 405//405 406//406
f 385//385 407//407 386//386
f 385//385 406//406 407//407
f 386//386 408//408 387//387
f 386//386 407//407 408//408
f 387//387 409//409 388//388
f 387//387 408//408 409//409
f 388//388 410//410 389//389
f 388//388 409//409 410//410
f 389//389 411//411 390//390
f 389//389 410//410 411//411
f 390//390 412//412 391//391
f 390//390 411//411 412//412
f 391//391 413//413 392//392
f 391//391 412//412 413//413
f 392//392 414//414 393//393
f 392//392 413//413 414//414
f 393//393 415//415 394//394
f 393//393 414//414 415//415
f 394//394 416//416 395//395
f 394//394 415//415 416//416
f 395//395 417//417 396//396
f 395//395 416//416 417//417
f 396//396 418//418 397//397
f 396//396 417//417 418//418
f 397//397 419//419 398//398
f 397//397 418//418 419//419
f 398//398 420//420 399//399
f 398//398 419//419 420//420
f 400//400 422//422 401//401
f 400//400 421//421 422//422
f 401//401 423//423 402//402
f 401//401 422//422 423//423
f 402//402 424//424 403//403
f 402//402 423//423 424//424
f 403//403 425//425 404//404
f 403//403 424//424 425//425
f 404//404 426//426 405//405
f 404//404 425//425 426//426
f 405//405 427//427 406//406
f 405//405 426//426 427//427
f 406//406 428//428 407//407
f 406//406 427//427 428//428
f 407//407 429//429 408//408
f 407//407 428//428 429//429
f 408//408 430//430 409//409
f 408//408 429//429 430//430
f 409//409 431//431 410//410
f 409//409 430//430 431//431
f 410//410 432//432 411//411
f 410//410 431//431 432//432
f 411//411 433//433 412//412
f 411//411 432//432 433//433
f 412//412 434//434 413//413
f 412//412 433//433 434//434
f 413//413 435//435 414//414
f 413//413 434//434 435//435
f 414//414 436//436 415//415
f 414//414 435//435 436//436
f 415//415 437//437 416//416
f 415//415 436//436 437//437
f 416//416 438//438 417//417
f 416//416 437//437 438//438
f 417//417 439//439 418//418
f 417//417 438//438 439//439
f 418//418 440//440 419//419
f 418//418 439//439 440//440
f 419//419 441//441 420//420
f 419//419 440//440 441//441
f 421//421 443//443 422//422
f 421//421 442//442 443//443
f 422//422 444//444 423//423
f 422//422 443//443 444//444
f 423//423 445//445 424//424
f 423//423 444//444 445//445
f 424//424 446//446 425//425
f 424//424 445//445 446//446
f 425//425 447//447 426//426
f 425//425 446//446 447//447
f 426//426 448//448 427//427
f 426//426 447//447 448//448
f 427//427 449//449 428//428
f 427//427 448//448 449//449
f 428//428 450//450 429//429
f 428//428 449//449 450//450
f 429//429 451//451 430//430
f 429//429 450//450 451//451
f 430//430 452//452 431//431
f 430//430 451//451 452//452
f 431//431 453//453 432//432
f 431//431 452//452 453//453
f 432//432 454//454 433//433
f 432//432 453//453 454//454
f 433//433 455//455 434//434
f 433//433 454//454 455//455
f 434//434 456//456 435//435
f 434//434 455//455 456//456
f 435//435 457//457 436//436
f 435//435 456//456 457//457
f 436//436 458//458 437//437
f 436//436 457//457 458//458
f 437//437 459//459 438//438
f 437//437 458//458 459//459
f 438//438 460//460 439//439
f 438//438 459//459 460//460
f 439//439 461//461 440//440
f 439//439 460//460 461//461
f 440//440 462//462 441//441
f 440//440 461//461 462//462
f 442//442 464//464 443//443
f 442//442 463//463 464//464
f 443//443 465//465 444//444
f 443//443 464//464 465//465
f 444//444 466//466 445//445
f 444//444 465//465 466//466
f 445//445 467//467 446//446
f 445//445 466//466 467//467
f 446//446 468//468 447//447
f 446//446 467//467 468//468
f 447//447 469//469 448//448
f 447//447 468//468 469//469
f 448//448 470//470 449//449
f 448//448 469//469 470//470
f 449//449 471//471 450//450
f 449//449 470//470 471//471
f 450//450 472//472 451//451
f 450//450 471//471 472//472
f 451//451 473//473 452//452
f 451//451 472//472 473//473
f 452//452 474//474 453//453
f 452//452 473//473 474//474
f 453//453 475//475 454//454
f 453//453 474//474 475//475
f 454//454 476//476 455//455
f 454//454 475//475 476//476
f 455//455 477//477 456//456
f 455//455 476//476 477//477
f 456//456 478//478 457//457
f 456//456 477//477 478//478
f 457//457 479//479 458//458
f 457//457 478//478 479//479
f 458//458 480//480 459//459
f 458//458 479//479 480//480
f 459//459 481//481 460//460
f 459//459 480//480 481//481
f 460//460 482//482 461//461
f 460//460 481//481 482//482
f 461//461 483//483 462//462
f 461//461 482//482 483//483
f 463//463 485//485 464//464
f 463//463 484//484 485//485
f 464//464 486//486 465//465
f 464//464 485//485 486//486
f 465//465 487//487 466//466
f 465//465 486//486 487//487
f 466//466 488//488 467//467
f 466//466 487//487 488//488
f 467//467 489//489 468//468
f 467//467 488//488 489//489
f 468//468 490//490 469//469
f 468//468 489//489 490//490
f 469//469 491//491 470//470
f 469//469 490//490 491//491
f 470//470 492//492 471//471
f 470//470 491//491 492//492
f 471//471 493//493 472//472
f 471//471 492//492 493//493
f 472//472 494//494 473//473
f 472//472 493//493 494//494
f 473//473 495//495 474//474
f 473//473 494//494 495//495
f 474//474 496//496 475//475
f 474//474 495//495 496//496
f 475//475 497//497 476//476
f 475//475 496//496 497//497
f 476//476 498//498 477//477
f 476//476 497//497 498//498
f 477//477 499//499 478//478
f 477//477 498//498 499//499
f 478//478 500//500 479//479
f 478//478 499//499 500//500
f 479//479 501//501 480//480
f 479//479 500//500 501//501
f 480//480 502//502 481//481
f 480//480 501//501 502//502
f 481//481 503//503 482//482
f 481//481 502//502 503//503
f 482//482 504//504 483//483
f 482//482 503//503 504//504
f 484//484 506//506 485//485
f 484//484 505//505 506//506
f 485//485 507//507 486//486
f 485//485 506//506 507//507
f 486//486 508//508 487//487
f 486//486 507//507 508//508
f 487//487 509//509 488//488
f 487//487 508//508 509//509
f 488//488 510//510 489//489
f 488//488 509//509 510//510
f 489//489 511//511 490//490
f 489//489 510//510 511//511
f 490//490 512//512 491//491
f 490//490 511//511 512//512
f 491//491 513//513 492//492
f 491//491 512//512 513//513
f 492//492 514//514 493//493
f 492//492 513//513 514//514
f 493//493 515//515 494//494
f 493//493 514//514 515//515
f 494//494 516//516 495//495
f 494//494 515//515 516//516
f 495//495 517//517 496//496
f 495//495 516//516 517//517
f 496//496 518//518 497//497
f 496//496 517//517 518//518
f 497//497 519//519 498//498
f 497//497 518//518 519//519
f 498//498 520//520 499//499
f 498//498 519//519 520//520
f 499//499 521//521 500//500
f 499//499 520//520 521//521
f 500//500 522//522 501//501
f 500//500 521//521 522//522
f 501//501 523//523 502//502
f 501//501 522//522 523//523
f 502//502 524//524 503//503
f 502//502 523//523 524//524
f 503//503 525//525 504//504
f 503//503 524//524 525//525
f 1051//1051 1//1 2//2
f 1051//1051 2//2 3//3
f 1051//1051 3//3 4//4
f 1051//1051 4//4 5//5
f 1051//1051 5//5 6//6
f 1051//1051 6//6 7//7
f 1051//1051 7//7 8//8
f 1051//1051 8//8 9//9
f 1051//1051 9//9 10//10
f 1051//1051 10//10 11//11
f 1051//1051 11//11 12//12
f 1051//1051 12//12 13//13
f 1051//1051 13//13 14//14
f 1051//1051 14//14 15//15
f 1051//1051 15//15 16//16
f 1051//1051 16//16 17//17
f 1051//1051 17//17 18//18
f 1051//1051 18//18 19//19
f 1051//1051 19//19 20//20
f 1051//1051 20//20 21//21
usemtl wood
f 526//526 548//548 547//547
f 526//526 527//527 548//548
f 527//527 549//549 548//548
f 527//527 528//528 549//549
f 528//528 550//550 549//549
f 528//528 529//529 550//550
f 529//529 551//551 550//550
f 529//529 530//530 551//551
f 530//530 552//552 551//551
f 530//530 531//531 552//552
f 531//531 553//553 552//552
f 531//531 532//532 553//553
f 532//532 554//554 553//553
f 532//532 533//533 554//554
f 533//533 555//555 554//554
f 533//533 534//534 555//555
f 534//534 556//556 555//555
f 534//534 535//535 556//556
f 535//535 557//557 556//556
f 535//535 536//536 557//557
f 536//536 558//558 557//557
f 536//536 537//537 558//558
f 537//537 559//559 558//558
f 537//537 538//538 559//559
f 538//538 560//560 559//559
f 538//538 539//539 560//560
f 539//539 561//561 560//560
f 539//539 540//540 561//561
f 540//540 562//562 561//561
f 540//540 541//541 562//562
f 541//541 563//563 562//562
f 541//541 542//542 563//563
f 542//542 564//564 563//563
f 542//542 543//543 564//564
f 543//543 565//565 564//564
f 543//543 544//544 565//565
f 544//544 566//566 565//565
f 544//544 545//545 566//566
f 545//545 567//567 566//566
f 545//545 546//546 567//567
f 547//547 569//569 568//568
f 547//547 548//548 569//569
f 548//548 570//570 569//569
f 548//548 549//549 570//570
f 549//549 571//571 570//570
f 549//549 550//550 571//571
f 550//550 572//572 571//571
f 550//550 551//551 572//572
f 551//551 573//573 572//572
f 551//551 552//552 573//573
f 552//552 574//574 573//573
f 552//552 553//553 574//574
f 553//553 575//575 574//574
f 553//553 554//554 575//575
f 554//554 576//576 575//575
f 554//554 555//555 576//576
f 555//555 577//577 576//576
f 555//555 556//556 577//577
f 556//556 578//578 577//577
f 556//556 557//557 578//578
f 557//557 579//579 578//578
f 557//557 558//558 579//579
f 558//558 580//580 579//579
f 558//558 559//559 580//580
f 559//559 581//581 580//580
f 559//559 560//560 581//581
f 560//560 582//582 581//581
f 560//560 561//561 582//582
f 561//561 583//583 582//582
f 561//561 562//562 583//583
f 562//562 584//584 583//583
f 562//562 563//563 584//584
f 563//563 585//585 584//584
f 563//563 564//564 585//585
f 564//564 586//586 585//585
f 564//564 565//565 586//586
f 565//565 587//587 586//586
f 565//565 566//566 587//587
f 566//566 588//588 587//587
f 566//566 567//567 588//588
f 568//568 590//590 589//589
f 568//568 569//569 590//590
f 569//569 591//591 590//590
f 569//569 570//570 591//591
f 570//570 592//592 591//591
f 570//570 571//571 592//592
f 571//571 593//593 592//592
f 571//571 572//572 593//593
f 572//572 594//594 593//593
f 572//572 573//573 594//594
f 573//573 595//595 594//594
f 573//573 574//574 595//595
f 574//574 596//596 595//595
f 574//574 575//575 596//596
f 575//575 597//597 596//596
f 575//575 576//576 597//597
f 576//576 598//598 597//597
f 576//576 577//577 598//598
f 577//577 599//599 598//598
f 577//577 578//578 599//599
f 578//578 600//600 599//599
f 578//578 579//579 600//600
f 579//579 601//601 600//600
f 579//579 580//580 601//601
f 580//580 602//602 601//601
f 580//580 581//581 602//602
f 581//581 603//603 602//602
f 581//581 582//582 603//603
f 582//582 604//604 603//603
f 582//582 583//583 604//604
f 583//583 605//605 604//604
f 583//583 584//584 605//605
f 584//584 606//606 605//605
f 584//584 585//585 606//606
f 585//585 607//607 606//606
f 585//585 586//586 607//607
f 586//586 608//608 607//607
f 586//586 587//587 608//608
f 587//587 609//609 608//608
f 587//587 588//588 609//609
f 589//589 611//611 610//610
f 589//589 590//590 611//611
f 590//590 612//612 611//611
f 590//590 591//591 612//612
f 591//591 613//613 612//612
f 591//591 592//592 613//613
f 592//592 614//614 613//613
f 592//592 593//593 614//614
f 593//593 615//615 614//614
f 593//593 594//594 615//615
f 594//594 616//616 615//615
f 594//594 595//595 616//616
f 595//595 617//617 616//616
f 595//595 596//596 617//617
f 596//596 618//618 617//617
f 596//596 597//597 618//618
f 597//597 619//619 618//618
f 597//597 598//598 619//619
f 598//598 620//620 619//619
f 598//598 599//599 620//620
f 599//599 621//621 620//620
f 599//599 600//600 621//621
f 600//600 622//622 621//621
f 600//600 601//601 622//622
f 601//601 623//623 622//622
f 601//601 602//602 623//623
f 602//602 624//624 623//623
f 602//602 603//603 624//624
f 603//603 625//625 624//624
f 603//603 604//604 625//625
f 604//604 626//626 625//625
f 604//604 605//605 626//626
f 605//605 627//627 626//626
f 605//605 606//606 627//627
f 606//606 628//628 627//627
f 606//606 607//607 628//628
f 607//607 629//629 628//628
f 607//607 608//608 629//629
f 608//608 630//630 629//629
f 608//608 609//609 630//630
f 610//610 632//632 631//631
f 610//610 611//611 632//632
f 611//611 633//633 632//632
f 611//611 612//612 633//633
f 612//612 634//634 633//633
f 612//612 613//613 634//634
f 613//613 635//635 634//634
f 613//613 614//614 635//635
f 614//614 636//636 635//635
f 614//614 615//615 636//636
f 615//615 637//637 636//636
f 615//615 616//616 637//637
f 616//616 638//638 637//637
f 616//616 617//617 638//638
f 617//617 639//639 638//638
f 617//617 618//618 639//639
f 618//618 640//640 639//639
f 618//618 619//619 640//640
f 619//619 641//641 640//640
f 619//619 620//620 641//641
f 620//620 642//642 641//641
f 620//620 621//621 642//642
f 621//621 643//643 642//642
f 621//621 622//622 643//643
f 622//622 644//644 643//643
f 622//622 623//623 644//644
f 623//623 645//645 644//644
f 623//623 624//624 645//645
f 624//624 646//646 645//645
f 624//624 625//625 646//646
f 625//625 647//647 646//646
f 625//625 626//626 647//647
f 626//626 648//648 647//647
f 626//626 627//627 648//648
f 627//627 649//649 648//648
f 627//627 628//628 649//649
f 628//628 650//650 649//649
f 628//628 629//629 650//650
f 629//629 651//651 650//650
f 629//629 630//630 651//651
f 631//631 653//653 652//652
f 631//631 632//632 653//653
f 632//632 654//654 653//653
f 632//632 633//633 654//654
f 633//633 655//655 654//654
f 633//633 634//634 655//655
f 634//634 656//656 655//655
f 634//634 635//635 656//656
f 635//635 657//657 656//656
f 635//635 636//636 657//657
f 636//636 658//658 657//657
f 636//636 637//637 658//658
f 637//637 659//659 658//658
f 637//637 638//638 659//659
f 638//638 660//660 659//659
f 638//638 639//639 660//660
f 639//639 661//661 660//660
f 639//639 640//640 661//661
f 640//640 662//662 661//661
f 640//640 641//641 662//662
f 641//641 663//663 662//662
f 641//641 642//642 663//663
f 642//642 664//664 663//663
f 642//642 643//643 664//664
f 643//643 665//665 664//664
f 643//643 644//644 665//665
f 644//644 666//666 665//665
f 644//644 645//645 666//666
f 645//645 667//667 666//666
f 645//645 646//646 667//667
f 646//646 668//668 667//667
f 646//646 647//647 668//668
f 647//647 669//669 668//668
f 647//647 648//648 669//669
f 648//648 670//670 669//669
f 648//648 649//649 670//670
f 649//649 671//671 670//670
f 649//649 650//650 671//671
f 650//650 672//672 671//671
f 650//650 651//651 672//672
f 652//652 674//674 673//673
f 652//652 653//653 674//674
f 653//653 675//675 674//674
f 653//653 654//654 675//675
f 654//654 676//676 675//675
f 654//654 655//655 676//676
f 655//655 677//677 676//676
f 655//655 656//656 677//677
f 656//656 678//678 677//677
f 656//656 657//657 678//678
f 657//657 679//679 678//678
f 657//657 658//658 679//679
f 658//658 680//680 679//679
f 658//658 659//659 680//680
f 659//659 681//681 680//680
f 659//659 660//660 681//681
f 660//660 682//682 681//681
f 660//660 661//661 682//682
f 661//661 683//683 682//682
f 661//661 662//662 683//683
f 662//662 684//684 683//683
f 662//662 663//663 684//684
f 663//663 685//685 684//684
f 663//663 664//664 685//685
f 664//664 686//686 685//685
f 664//664 665//665 686//686
f 665//665 687//687 686//686
f 665//665 666//666 687//687
f 666//666 688//688 687//687
f 666//666 667//667 688//688
f 667//667 689//689 688//688
f 667//667 668//668 689//689
f 668//668 690//690 689//689
f 668//668 669//669 690//690
f 669//669 691//691 690//690
f 669//669 670//670 691//691
f 670//670 692//692 691//691
f 670//670 671//671 692//692
f 671//671 693//693 692//692
f 671//671 672//672 693//693
f 673//673 695//695 694//694
f 673//673 674//674 695//695
f 674//674 696//696 695//695
f 674//674 675//675 696//696
f 675//675 697//697 696//696
f 675//675 676//676 697//697
f 676//676 698//698 697//697
f 676//676 677//677 698//698
f 677//677 699//699 698//698
f 677//677 678//678 699//699
f 678//678 700//700 699//699
f 678//678 679//679 700//700
f 679//679 701//701 700//700
f 679//679 680//680 701//701
f 680//680 702//702 701//701
f 680//680 681//681 702//702
f 681//681 703//703 702//702
f 681//681 682//682 703//703
f 682//682 704//704 703//703
f 682//682 683//683 704//704
f 683//683 705//705 704//704
f 683//683 684//684 705//705
f 684//684 706//706 705//705
f 684//684 685//685 706//706
f 685//685 707//707 706//706
f 685//685 686//686 707//707
f 686//686 708//708 707//707
f 686//686 687//687 708//708
f 687//687 709//709 708//708
f 687//687 688//688 709//709
f 688//688 710//710 709//709
f 688//688 689//689 710//710
f 689//689 711//711 710//710
f 689//689 690//690 711//711
f 690//690 712//712 711//711
f 690//690 691//691 712//712
f 691//691 713//713 712//712
f 691//691 692//692 713//713
f 692//692 714//714 713//713
f 692//692 693//693 714//714
f 694//694 716//716 715//715
f 694//694 695//695 716//716
f 695//695 717//717 716//716
f 695//695 696//696 717//717
f 696//696 718//718 717//717
f 696//696 697//697 718//718
f 697//697 719//719 718//718
f 697//697 698//698 719//719
f 698//698 720//720 719//719
f 698//698 699//699 720//720
f 699//699 721//721 720//720
f 699//699 700//700 721//721
f 700//700 722//722 721//721
f 700//700 701//701 722//722
f 701//701 723//723 722//722
f 701//701 702//702 723//723
f 702//702 724//724 723//723
f 702//702 703//703 724//724
f 703//703 725//725 724//724
f 703//703 704//704 725//725
f 704//704 726//726 725//725
f 704//704 705//705 726//726
f 705//705 727//727 726//726
f 705//705 706//706 727//727
f 706//706 728//728 727//727
f 706//706 707//707 728//728
f 707//707 729//729 728//728
f 707//707 708//708 729//729
f 708//708 730//730 729//729
f 708//708 709//709 730//730
f 709//709 731//731 730//730
f 709//709 710//710 731//731
f 710//710 732//732 731//731
f 710//710 711//711 732//732
f 711//711 733//733 732//732
f 711//711 712//712 733//733
f 712//712 734//734 733//733
f 712//712 713//713 734//734
f 713//713 735//735 734//734
f 713//713 714//714 735//735
f 715//715 737//737 736//736
f 715//715 716//716 737//737
f 716//716 738//738 737//737
f 716//716 717//717 738//738
f 717//717 739//739 738//738
f 717//717 718//718 739//739
f 718//718 740//740 739//739
f 718//718 719//719 740//740
f 719//719 741//741 740//740
f 719//719 720//720 741//741
f 720//720 742//742 741//741
f 720//720 721//721 742//742
f 721//721 743//743 742//742
f 721//721 722//722 743//743
f 722//722 744//744 743//743
f 722//722 723//723 744//744
f 723//723 745//745 744//744
f 723//723 724//724 745//745
f 724//724 746//746 745//745
f 724//724 725//725 746//746
f 725//725 747//747 746//746
f 725//725 726//726 747//747
f 726//726 748//748 747//747
f 726//726 727//727 748//748
f 727//727 749//749 748//748
f 727//727 728//728 749//749
f 728//728 750//750 749//749
f 728//728 729//729 750//750
f 729//729 751//751 750//750
f 729//729 730//730 751//751
f 730//730 752//752 751//751
f 730//730 731//731 752//752
f 731//731 753//753 752//752
f 731//731 732//732 753//753
f 732//732 754//754 753//753
f 732//732 733//733 754//754
f 733//733 755//755 754//754
f 733//733 734//734 755//755
f 734//734 756//756 755//755
f 734//734 735//735 756//756
f 736//736 758//758 757//757
f 736//736 737//737 758//758
f 737//737 759//759 758//758
f 737//737 738//738 759//759
f 738//738 760//760 759//759
f 738//738 739//739 760//760
f 739//739 761//761 760//760
f 739//739 740//740 761//761
f 740//740 762//762 761//761
f 740//740 741//741 762//762
f 741//741 763//763 762//762
f 741//741 742//742 763//763
f 742//742 764//764 763//763
f 742//742 743//743 764//764
f 743//743 765//765 764//764
f 743//743 744//744 765//765
f 744//744 766//766 765//765
f 744//744 745//745 766//766
f 745//745 767//767 766//766
f 745//745 746//746 767//767
f 746//746 768//768 767//767
f 746//746 747//747 768//768
f 747//747 769//769 768//768
f 747//747 748//748 769//769
f 748//748 770//770 769//769
f 748//748 749//749 770//770
f 749//749 771//771 770//770
f 749//749 750//750 771//771
f 750//750 772//772 771//771
f 750//750 751//751 772//772
f 751//751 773//773 772//772
f 751//751 752//752 773//773
f 752//752 774//774 773//773
f 752//752 753//753 774//774
f 753//753 775//775 774//774
f 753//753 754//754 775//775
f 754//754 776//776 775//775
f 754//754 755//755 776//776
f 755//755 777//777 776//776
f 755//755 756//756 777//777
f 757//757 779//779 778//778
f 757//757 758//758 779//779
f 758//758 780//780 779//779
f 758//758 759//759 780//780
f 759//759 781//781 780//780
f 759//759 760//760 781//781
f 760//760 782//782 781//781
f 760//760 761//761 782//782
f 761//761 783//783 782//782
f 761//761 762//762 783//783
f 762//762 784//784 783//783
f 762//762 763//763 784//784
f 763//763 785//785 784//784
f 763//763 764//764 785//785
f 764//764 786//786 785//785
f 764//764 765//765 786//786
f 765//765 787//787 786//786
f 765//765 766//766 787//787
f 766//766 788//788 787//787
f 766//766 767//767 788//788
f 767//767 789//789 788//788
f 767//767 768//768 789//789
f 768//768 790//790 789//789
f 768//768 769//769 790//790
f 769//769 791//791 790//790
f 769//769 770//770 791//791
f 770//770 792//792 791//791
f 770//770 771//771 792//792
f 771//771 793//793 792//792
f 771//771 772//772 793//793
f 772//772 794//794 793//793
f 772//772 773//773 794//794
f 773//773 795//795 794//794
f 773//773 774//774 795//795
f 774//774 796//796 795//795
f 774//774 775//775 796//796
f 775//775 797//797 796//796
f 775//775 776//776 797//797
f 776//776 798//798 797//797
f 776//776 777//777 798//798
f 778//778 800//800 799//799
f 778//778 779//779 800//800
f 779//779 801//801 800//800
f 779//779 780//780 801//801
f 780//780 802//802 801//801
f 780//780 781//781 802//802
f 781//781 803//803 802//802
f 781//781 782//782 803//803
f 782//782 804//804 803//803
f 782//782 783//783 804//804
f 783//783 805//805 804//804
f 783//783 784//784 805//805
f 784//784 806//806 805//805
f 784//784 785//785 806//806
f 785//785 807//807 806//806
f 785//785 786//786 807//807
f 786//786 808//808 807//807
f 786//786 787//787 808//808
f 787//787 809//809 808//808
f 787//787 788//788 809//809
f 788//788 810//810 809//809
f 788//788 789//789 810//810
f 789//789 811//811 810//810
f 789//789 790//790 811//811
f 790//790 812//812 811//811
f 790//790 791//791 812//812
f 791//791 813//813 812//812
f 791//791 792//792 813//813
f 792//792 814//814 813//813
f 792//792 793//793 814//814
f 793//793 815//815 814//814
f 793//793 794//794 815//815
f 794//794 816//816 815//815
f 794//794 795//795 816//816
f 795//795 817//817 816//816
f 795//795 796//796 817//817
f 796//796 818//818 817//817
f 796//796 797//797 818//818
f 797//797 819//819 818//818
f 797//797 798//798 819//819
f 799//799 821//821 820//820
f 799//799 800//800 821//821
f 800//800 822//822 821//821
f 800//800 801//801 822//822
f 801//801 823//823 822//822
f 801//801 802//802 823//823
f 802//802 824//824 823//823
f 802//802 803//803 824//824
f 803//803 825//825 824//824
f 803//803 804//804 825//825
f 804//804 826//826 825//825
f 804//804 805//805 826//826
f 805//805 827//827 826//826
f 805//805 806//806 827//827
f 806//806 828//828 827//827
f 806//806 807//807 828//828
f 807//807 829//829 828//828
f 807//807 808//808 829//829
f 808//808 830//830 829//829
f 808//808 809//809 830//830
f 809//809 831//831 830//830
f 809//809 810//810 831//831
f 810//810 832//832 831//831
f 810//810 811//811 832//832
f 811//811 833//833 832//832
f 811//811 812//812 833//833
f 812//812 834//834 833//833
f 812//812 813//813 834//834
f 813//813 835//835 834//834
f 813//813 814//814 835//835
f 814//814 836//836 835//835
f 814//814 815//815 836//836
f 815//815 837//837 836//836
f 815//815 816//816 837//837
f 816//816 838//838 837//837
f 816//816 817//817 838//838
f 817//817 839//839 838//838
f 817//817 818//818 839//839
f 818//818 840//840 839//839
f 818//818 819//819 840//840
f 820//820 842//842 841//841
f 820//820 821//821 842//842
f 821//821 843//843 842//842
f 821//821 822//822 843//843
f 822//822 844//844 843//843
f 822//822 823//823 844//844
f 823//823 845//845 844//844
f 823//823 824//824 845//845
f 824//824 846//846 845//845
f 824//824 825//825 846//846
f 825//825 847//847 846//846
f 825//825 826//826 847//847
f 826//826 848//848 847//847
f 826//826 827//827 848//848
f 827//827 849//849 848//848
f 827//827 828//828 849//849
f 828//828 850//850 849//849
f 828//828 829//829 850//850
f 829//829 851//851 850//850
f 829//829 830//830 851//851
f 830//830 852//852 851//851
f 830//830 831//831 852//852
f 831//831 853//853 852//852
f 831//831 832//832 853//853
f 832//832 854//854 853//853
f 832//832 833//833 854//854
f 833//833 855//855 854//854
f 833//833 834//834 855//855
f 834//834 856//856 855//855
f 834//834 835//835 856//856
f 835//835 857//857 856//856
f 835//835 836//836 857//857
f 836//836 858//858 857//857
f 836//836 837//837 858//858
f 837//837 859//859 858//858
f 837//837 838//838 859//859
f 838//838 860//860 859//859
f 838//838 839//839 860//860
f 839//839 861//861 860//860
f 839//839 840//840 861//861
f 841//841 863//863 862//862
f 841//841 842//842 863//863
f 842//842 864//864 863//863
f 842//842 843//843 864//864
f 843//843 865//865 864//864
f 843//843 844//844 865//865
f 844//844 866//866 865//865
f 844//844 845//845 866//866
f 845//845 867//867 866//866
f 845//845 846//846 867//867
f 846//846 868//868 867//867
f 846//846 847//847 868//868
f 847//847 869//869 868//868
f 847//847 848//848 869//869
f 848//848 870//870 869//869
f 848//848 849//849 870//870
f 849//849 871//871 870//870
f 849//849 850//850 871//871
f 850//850 872//872 871//871
f 850//850 851//851 872//872
f 851//851 873//873 872//872
f 851//851 852//852 873//873
f 852//852 874//874 873//873
f 852//852 853//853 874//874
f 853//853 875//875 874//874
f 853//853 854//854 875//875
f 854//854 876//876 875//875
f 854//854 855//855 876//876
f 855//855 877//877 876//876
f 855//855 856//856 877//877
f 856//856 878//878 877//877
f 856//856 857//857 878//878
f 857//857 879//879 878//878
f 857//857 858//858 879//879
f 858//858 880//880 879//879
f 858//858 859//859 880//880
f 859//859 881//881 880//880
f 859//859 860//860 881//881
f 860//860 882//882 881//881
f 860//860 861//861 882//882
f 862//862 884//884 883//883
f 862//862 863//863 884//884
f 863//863 885//885 884//884
f 863//863 864//864 885//885
f 864//864 886//886 885//885
f 864//864 865//865 886//886
f 865//865 887//887 886//886
f 865//865 866//866 887//887
f 866//866 888//888 887//887
f 866//866 867//867 888//888
f 867//867 889//889 888//888
f 867//867 868//868 889//889
f 868//868 890//890 889//889
f 868//868 869//869 890//890
f 869//869 891//891 890//890
f 869//869 870//870 891//891
f 870//870 892//892 891//891
f 870//870 871//871 892//892
f 871//871 893//893 892//892
f 871//871 872//872 893//893
f 872//872 894//894 893//893
f 872//872 873//873 894//894
f 873//873 895//895 894//894
f 873//873 874//874 895//895
f 874//874 896//896 895//895
f 874//874 875//875 896//896
f 875//875 897//897 896//896
f 875//875 876//876 897//897
f 876//876 898//898 897//897
f 876//876 877//877 898//898
f 877//877 899//899 898//898
f 877//877 878//878 899//899
f 878//878 900//900 899//899
f 878//878 879//879 900//900
f 879//879 901//901 900//900
f 879//879 880//880 901//901
f 880//880 902//902 901//901
f 880//880 881//881 902//902
f 881//881 903//903 902//902
f 881//881 882//882 903//903
f 883//883 905//905 904//904
f 883//883 884//884 905//905
f 884//884 906//906 905//905
f 884//884 885//885 906//906
f 885//885 907//907 906//906
f 885//885 886//886 907//907
f 886//886 908//908 907//907
f 886//886 887//887 908//908
f 887//887 909//909 908//908
f 887//887 888//888 909//909
f 888//888 910//910 909//909
f 888//888 889//889 910//910
f 889//889 911//911 910//910
f 889//889 890//890 911//911
f 890//890 912//912 911//911
f 890//890 891//891 912//912
f 891//891 913//913 912//912
f 891//891 892//892 913//913
f 892//892 914//914 913//913
f 892//892 893//893 914//914
f 893//893 915//915 914//914
f 893//893 894//894 915//915
f 894//894 916//916 915//915
f 894//894 895//895 916//916
f 895//895 917//917 916//916
f 895//895 896//896 917//917
f 896//896 918//918 917//917
f 896//896 897//897 918//918
f 897//897 919//919 918//918
f 897//897 898//898 919//919
f 898//898 920//920 919//919
f 898//898 899//899 920//920
f 899//899 921//921 920//920
f 899//899 900//900 921//921
f 900//900 922//922 921//921
f 900//900 901//901 922//922
f 901//901 923//923 922//922
f 901//901 902//902 923//923
f 902//902 924//924 923//923
f 902//902 903//903 924//924
f 904//904 926//926 925//925
f 904//904 905//905 926//926
f 905//905 927//927 926//926
f 905//905 906//906 927//927
f 906//906 928//928 927//927
f 906//906 907//907 928//928
f 907//907 929//929 928//928
f 907//907 908//908 929//929
f 908//908 930//930 929//929
f 908//908 909//909 930//930
f 909//909 931//931 930//930
f 909//909 910//910 931//931
f 910//910 932//932 931//931
f 910//910 911//911 932//932
f 911//911 933//933 932//932
f 911//911 912//912 933//933
f 912//912 934//934 933//933
f 912//912 913//913 934//934
f 913//913 935//935 934//934
f 913//913 914//914 935//935
f 914//914 936//936 935//935
f 914//914 915//915 936//936
f 915//915 937//937 936//936
f 915//915 916//916 937//937
f 916//916 938//938 937//937
f 916//916 917//917 938//938
f 917//917 939//939 938//938
f 917//917 918//918 939//939
f 918//918 940//940 939//939
f 918//918 919//919 940//940
f 919//919 941//941 940//940
f 919//919 920//920 941//941
f 920//920 942//942 941//941
f 920//920 921//921 942//942
f 921//921 943//943 942//942
f 921//921 922//922 943//943
f 922//922 944//944 943//943
f 922//922 923//923 944//944
f 923//923 945//945 944//944
f 923//923 924//924 945//945
f 925//925 947//947 946//946
f 925//925 926//926 947//947
f 926//926 948//948 947//947
f 926//926 927//927 948//948
f 927//927 949//949 948//948
f 927//927 928//928 949//949
f 928//928 950//950 949//949
f 928//928 929//929 950//950
f 929//929 951//951 950//950
f 929//929 930//930 951//951
f 930//930 952//952 951//951
f 930//930 931//931 952//952
f 931//931 953//953 952//952
f 931//931 932//932 953//953
f 932//932 954//954 953//953
f 932//932 933//933 954//954
f 933//933 955//955 954//954
f 933//933 934//934 955//955
f 934//934 956//956 955//955
f 934//934 935//935 956//956
f 935//935 957//957 956//956
f 935//935 936//936 957//957
f 936//936 958//958 957//957
f 936//936 937//937 958//958
f 937//937 959//959 958//958
f 937//937 938//938 959//959
f 938//938 960//960 959//959
f 938//938 939//939 960//960
f 939//939 961//961 960//960
f 939//939 940//940 961//961
f 940//940 962//962 961//961
f 940//940 941//941 962//962
f 941//941 963//963 962//962
f 941//941 942//942 963//963
f 942//942 964//964 963//963
f 942//942 943//943 964//964
f 943//943 965//965 964//964
f 943//943 944//944 965//965
f 944//944 966//966 965//965
f 944//944 945//945 966//966
f 946//946 968//968 967//967
f 946//946 947//947 968//968
f 947//947 969//969 968//968
f 947//947 948//948 969//969
f 948//948 970//970 969//969
f 948//948 949//949 970//970
f 949//949 971//971 970//970
f 949//949 950//950 971//971
f 950//950 972//972 971//971
f 950//950 951//951 972//972
f 951//951 973//973 972//972
f 951//951 952//952 973//973
f 952//952 974//974 973//973
f 952//952 953//953 974//974
f 953//953 975//975 974//974
f 953//953 954//954 975//975
f 954//954 976//976 975//975
f 954//954 955//955 976//976
f 955//955 977//977 976//976
f 955//955 956//956 977//977
f 956//956 978//978 977//977
f 956//956 957//957 978//978
f 957//957 979//979 978//978
f 957//957 958//958 979//979
f 958//958 980//980 979//979
f 958//958 959//959 980//980
f 959//959 981//981 980//980
f 959//959 960//960 981//981
f 960//960 982//982 981//981
f 960//960 961//961 982//982
f 961//961 983//983 982//982
f 961//961 962//962 983//983
f 962//962 984//984 983//983
f 962//962 963//963 984//984
f 963//963 985//985 984//984
f 963//963 964//964 985//985
f 964//964 986//986 985//985
f 964//964 965//965 986//986
f 965//965 987//987 986//986
f 965//965 966//966 987//987
f 967//967 989//989 988//988
f 967//967 968//968 989//989
f 968//968 990//990 989//989
f 968//968 969//969 990//990
f 969//969 991//991 990//990
f 969//969 970//970 991//991
f 970//970 992//992 991//991
f 970//970 971//971 992//992
f 971//971 993//993 992//992
f 971//971 972//972 993//993
f 972//972 994//994 993//993
f 972//972 973//973 994//994
f 973//973 995//995 994//994
f 973//973 974//974 995//995
f 974//974 996//996 995//995
f 974//974 975//975 996//996
f 975//975 997//997 996//996
f 975//975 976//976 997//997
f 976//976 998//998 997//997
f 976//976 977//977 998//998
f 977//977 999//999 998//998
f 977//977 978//978 999//999
f 978//978 1000//1000 999//999
f 978//978 979//979 1000//1000
f 979//979 1001//1001 1000//1000
f 979//979 980//980 1001//1001
f 980//980 1002//1002 1001//1001
f 980//980 981//981 1002//1002
f 981//981 1003//1003 1002//1002
f 981//981 982//982 1003//1003
f 982//982 1004//1004 1003//1003
f 982//982 983//983 1004//1004
f 983//983 1005//1005 1004//1004
f 983//983 984//984 1005//1005
f 984//984 1006//1006 1005//1005
f 984//984 985//985 1006//1006
f 985//985 1007//1007 1006//1006
f 985//985 986//986 1007//1007
f 986//986 1008//1008 1007//1007
f 986//986 987//987 1008//1008
f 988//988 1010//1010 1009//1009
f 988//988 989//989 1010//1010
f 989//989 1011//1011 1010//1010
f 989//989 990//990 1011//1011
f 990//990 1012//1012 1011//1011
f 990//990 991//991 1012//1012
f 991//991 1013//1013 1012//1012
f 991//991 992//992 1013//1013
f 992//992 1014//1014 1013//1013
f 992//992 993//993 1014//1014
f 993//993 1015//1015 1014//1014
f 993//993 994//994 1015//1015
f 994//994 1016//1016 1015//1015
f 994//994 995//995 1016//1016
f 995//995 1017//1017 1016//1016
f 995//995 996//996 1017//1017
f 996//996 1018//1018 1017//1017
f 996//996 997//997 1018//1018
f 997//997 1019//1019 1018//1018
f 997//997 998//998 1019//1019
f 998//998 1020//1020 1019//1019
f 998//998 999//999 1020//1020
f 999//999 1021//1021 1020//1020
f 999//999 1000//1000 1021//1021
f 1000//1000 1022//1022 1021//1021
f 1000//1000 1001//1001 1022//1022
f 1001//1001 1023//1023 1022//1022
f 1001//1001 1002//1002 1023//1023
f 1002//1002 1024//1024 1023//1023
f 1002//1002 1003//1003 1024//1024
f 1003//1003 1025//1025 1024//1024
f 1003//1003 1004//1004 1025//1025
f 1004//1004 1026//1026 1025//1025
f 1004//1004 1005//1005 1026//1026
f 1005//1005 1027//1027 1026//1026
f 1005//1005 1006//1006 1027//1027
f 1006//1006 1028//1028 1027//1027
f 1006//1006 1007//1007 1028//1028
f 1007//1007 1029//1029 1028//1028
f 1007//1007 1008//1008 1029//1029
f 1009//1009 1031//1031 1030//1030
f 1009//1009 1010//1010 1031//1031
f 1010//1010 1032//1032 1031//1031
f 1010//1010 1011//1011 1032//1032
f 1011//1011 1033//1033 1032//1032
f 1011//1011 1012//1012 1033//1033
f 1012//1012 1034//1034 1033//1033
f 1012//1012 1013//1013 1034//1034
f 1013//1013 1035//1035 1034//1034
f 1013//1013 1014//1014 1035//1035
f 1014//1014 1036//1036 1035//1035
f 1014//1014 1015//1015 1036//1036
f 1015//1015 1037//1037 1036//1036
f 1015//1015 1016//1016 1037//1037
f 1016//1016 1038//1038 1037//1037
f 1016//1016 1017//1017 1038//1038
f 1017//1017 1039//1039 1038//1038
f 1017//1017 1018//1018 1039//1039
f 1018//1018 1040//1040 1039//1039
f 1018//1018 1019//1019 1040//1040
f 1019//1019 1041//1041 1040//1040
f 1019//1019 1020//1020 1041//1041
f 1020//1020 1042//1042 1041//1041
f 1020//1020 1021//1021 1042//1042
f 1021//1021 1043//1043 1042//1042
f 1021//1021 1022//1022 1043//1043
f 1022//1022 1044//1044 1043//1043
f 1022//1022 1023//1023 1044//1044
f 1023//1023 1045//1045 1044//1044
f 1023//1023 1024//1024 1045//1045
f 1024//1024 1046//1046 1045//1045
f 1024//1024 1025//1025 1046//1046
f 1025//1025 1047//1047 1046//1046
f 1025//1025 1026//1026 1047//1047
f 1026//1026 1048//1048 1047//1047
f 1026//1026 1027//1027 1048//1048
f 1027//1027 1049//1049 1048//1048
f 1027//1027 1028//1028 1049//1049
f 1028//1028 1050//1050 1049//1049
f 1028//1028 1029//1029 1050//1050
f 1052//1052 527//527 526//526
f 1052//1052 528//528 527//527
f 1052//1052 529//529 528//528
f 1052//1052 530//530 529//529
f 1052//1052 531//531 530//530
f 1052//1052 532//532 531//531
f 1052//1052 533//533 532//532
f 1052//1052 534//534 533//533
f 1052//1052 535//535 534//534
f 1052//1052 536//536 535//535
f 1052//1052 537//537 536//536
f 1052//1052 538//538 537//537
f 1052//1052 539//539 538//538
f 1052//1052 540//540 539//539
f 1052//1052 541//541 540//540
f 1052//1052 542//542 541//541
f 1052//1052 543//543 542//542
f 1052//1052 544//544 543//543
f 1052//1052 545//545 544//544
f 1052//1052 546//546 545//545
usemtl trim
f 1//1 547//547 22//22
f 1//1 526//526 547//547
f 21//21 567//567 546//546
f 21//21 42//42 567//567
f 22//22 568//568 43//43
f 22//22 547//547 568//568
f 42//42 588//588 567//567
f 42//42 63//63 588//588
f 43//43 589//589 64//64
f 43//43 568//568 589//589
f 63//63 609//609 588//588
f 63//63 84//84 609//609
f 64//64 610//610 85//85
f 64//64 589//589 610//610
f 84//84 630//630 609//609
f 84//84 105//105 630//630
f 85//85 631//631 106//106
f 85//85 610//610 631//631
f 105//105 651//651 630//630
f 105//105 126//126 651//651
f 106//106 652//652 127//127
f 106//106 631//631 652//652
f 126//126 672//672 651//651
f 126//126 147//147 672//672
f 127//127 673//673 148//148
f 127//127 652//652 673//673
f 147//147 693//693 672//672
f 147//147 168//168 693//693
f 148//148 694//694 169//169
f 148//148 673//673 694//694
f 168//168 714//714 693//693
f 168//168 189//189 714//714
f 169//169 715//715 190//190
f 169//169 694//694 715//715
f 189//189 735//735 714//714
f 189//189 210//210 735//735
f 190//190 736//736 211//211
f 190//190 715//715 736//736
f 210//210 756//756 735//735
f 210//210 231//231 756//756
f 211//211 757//757 232//232
f 211//211 736//736 757//757
f 231//231 777//777 756//756
f 231//231 252//252 777//777
f 232//232 778//778 253//253
f 232//232 757//757 778//778
f 252//252 798//798 777//777
f 252//252 273//273 798//798
f 253//253 799//799 274//274
f 253//253 778//778 799//799
f 273//273 819//819 798//798
f 273//273 294//294 819//819
f 274//274 820//820 295//295
f 274//274 799//799 820//820
f 294//294 840//840 819//819
f 294//294 315//315 840//840
f 295//295 841//841 316//316
f 295//295 820//820 841//841
f 315//315 861//861 840//840
f 315//315 336//336 861//861
f 316//316 862//862 337//337
f 316//316 841//841 862//862
f 336//336 882//882 861//861
f 336//336 357//357 882//882
f 337//337 883//883 358//358
f 337//337 862//862 883//883
f 357//357 903//903 882//882
f 357//357 378//378 903//903
f 358//358 904//904 379//379
f 358//358 883//883 904//904
f 378//378 924//924 903//903
f 378//378 399//399 924//924
f 379//379 925//925 400//400
f 379//379 904//904 925//925
f 399//399 945//945 924//924
f 399//399 420//420 945//945
f 400//400 946//946 421//421
f 400//400 925//925 946//946
f 420//420 966//966 945//945
f 420//420 441//441 966//966
f 421//421 967//967 442//442
f 421//421 946//946 967//967
f 441//441 987//987 966//966
f 441//441 462//462 987//987
f 442//442 988//988 463//463
f 442//442 967//967 988//988
f 462//462 1008//1008 987//987
f 462//462 483//483 1008//1008
f 463//463 1009//1009 484//484
f 463//463 988//988 1009//1009
f 483//483 1029//1029 1008//1008
f 483//483 504//504 1029//1029
f 484//484 1030//1030 505//505
f 484//484 1009//1009 1030//1030
f 504//504 1050//1050 1029//1029
f 504//504 525//525 1050//1050
f 1053//1053 1056//1056 1054//1054
f 1053//1053 1055//1055 1056//1056
f 1057//1057 1060//1060 1059//1059
f 1057//1057 1058//1058 1060//1060
f 1053//1053 1058//1058 1057//1057
f 1053//1053 1054//1054 1058//1058
f 1055//1055 1060//1060 1056//1056
f 1055//1055 1059//1059 1060//1060
f 1053//1053 1059//1059 1055//1055
f 1053//1053 1057//1057 1059//1059
f 1054//1054 1060//1060 1058//1058
f 1054//1054 1056//1056 1060//1060
f 1061//1061 1064//1064 1062//1062
f 1061//1061 1063//1063 1064//1064
f 1065//1065 1068//1068 1067//1067
f 1065//1065 1066//1066 1068//1068
f 1061//1061 1066//1066 1065//1065
f 1061//1061 1062//1062 1066//1066
f 1063//1063 1068//1068 1064//1064
f 1063//1063 1067//1067 1068//1068
f 1061//1061 1067//1067 1063//1063
f 1061//1061 1065//1065 1067//1067
f 1062//1062 1068//1068 1066//1066
f 1062//1062 1064//1064 1068//1068
